frame;person_id;nose_x;nose_y;nose_conf;left_eye_x;left_eye_y;left_eye_conf;right_eye_x;right_eye_y;right_eye_conf;left_ear_x;left_ear_y;left_ear_conf;right_ear_x;right_ear_y;right_ear_conf;left_shoulder_x;left_shoulder_y;left_shoulder_conf;right_shoulder_x;right_shoulder_y;right_shoulder_conf;left_elbow_x;left_elbow_y;left_elbow_conf;right_elbow_x;right_elbow_y;right_elbow_conf;left_wrist_x;left_wrist_y;left_wrist_conf;right_wrist_x;right_wrist_y;right_wrist_conf;left_hip_x;left_hip_y;left_hip_conf;right_hip_x;right_hip_y;right_hip_conf;left_knee_x;left_knee_y;left_knee_conf;right_knee_x;right_knee_y;right_knee_conf;left_ankle_x;left_ankle_y;left_ankle_conf;right_ankle_x;right_ankle_y;right_ankle_conf;left_elbow_angle_2d_proj;right_elbow_angle_2d_proj;left_knee_angle_2d_proj;right_knee_angle_2d_proj;left_hip_angle_2d_proj;right_hip_angle_2d_proj;left_shoulder_angle_2d_proj;right_shoulder_angle_2d_proj;left_apparent_shoulder_rotation_2d_deg;right_apparent_shoulder_rotation_2d_deg;body_height_px;left_wrist_apparent_velocity_px_s;right_wrist_apparent_velocity_px_s;detected_event
0;0;226.07;339.68;0.95;228.44;336.87;0.93;224.78;336.87;0.93;235.13;339.68;0.54;286.49;339.89;0.26;244.63;354.13;0.84;222.4;355.86;0.83;249.37;374.85;0.88;220.03;374.85;0.85;242.47;392.11;0.86;217.01;392.54;0.83;241.17;391.9;0.79;228.44;392.54;0.81;238.58;421.67;0.83;230.6;421.89;0.86;240.74;451.45;0.86;232.54;450.8;0.86;145.29;177.44;170.89;179.64;179.75;174.85;18.13;16.48;161.87;163.52;111.45;;;
1;0;225.92;339.66;0.96;228.29;337.07;0.93;224.62;336.86;0.94;235.2;339.66;0.54;286.55;339.88;0.26;244.47;354.12;0.84;222.25;355.85;0.83;249.22;374.83;0.88;219.88;374.83;0.86;242.32;392.09;0.87;216.86;392.53;0.83;241.24;391.88;0.79;228.29;392.53;0.81;238.65;421.65;0.83;230.67;421.87;0.86;240.81;451.43;0.86;232.39;450.78;0.87;145.29;177.44;170.89;178.79;179.93;175.27;17.81;16.48;162.19;163.52;111.44;4.6;4.58;
2;0;225.82;339.69;0.96;228.2;336.88;0.94;224.31;336.66;0.94;234.69;339.48;0.6;225.17;339.69;0.32;243.99;353.97;0.84;221.93;355.7;0.83;248.32;375.17;0.87;219.55;374.95;0.86;242.26;393.34;0.86;216.73;392.69;0.83;241.18;392.05;0.8;228.2;392.69;0.82;238.37;422.12;0.83;230.58;422.33;0.86;240.53;451.54;0.86;232.31;450.89;0.87;150.03;178.04;170.45;178.88;178.88;174.97;15.76;16.67;164.24;163.33;111.52;37.64;6.28;
3;0;225.32;339.68;0.95;227.7;336.86;0.92;224.02;336.65;0.94;234.2;339.46;0.64;224.67;339.68;0.37;243.73;353.98;0.84;221.63;355.71;0.83;247.42;375.43;0.86;219.47;375.0;0.86;242.43;394.28;0.86;216.65;392.55;0.84;240.7;392.33;0.8;227.92;392.76;0.82;238.1;421.8;0.82;230.52;422.23;0.86;240.7;451.48;0.86;232.25;450.83;0.87;155.45;177.29;169.95;178.43;179.48;175.42;14.27;16.04;165.73;163.96;111.47;28.61;5.16;
4;0;225.03;339.75;0.94;227.2;336.94;0.92;223.73;336.94;0.94;233.91;339.54;0.65;224.81;339.75;0.37;243.45;354.49;0.84;221.34;355.79;0.83;246.7;375.72;0.86;219.18;374.86;0.86;242.58;394.79;0.86;216.58;392.41;0.84;240.63;392.84;0.8;227.85;393.28;0.82;237.81;422.1;0.82;230.45;422.53;0.85;240.63;451.35;0.87;232.4;450.7;0.87;159.11;178.06;169.0;178.88;178.7;175.24;12.9;16.32;167.1;163.68;111.27;16.13;4.62;
5;0;223.93;339.93;0.95;226.31;337.12;0.93;222.85;337.12;0.95;233.22;339.93;0.69;223.72;339.71;0.41;242.29;355.04;0.83;220.48;356.12;0.84;245.53;375.99;0.86;218.75;374.91;0.85;241.86;396.08;0.87;216.81;392.19;0.84;240.56;393.49;0.82;227.82;393.7;0.84;237.11;421.99;0.82;229.98;422.42;0.86;240.34;450.5;0.86;232.35;450.28;0.87;160.85;178.84;166.61;179.43;175.66;173.24;11.36;16.31;168.64;163.69;110.46;44.36;9.54;
6;0;223.7;340.23;0.96;226.07;337.42;0.94;222.4;337.2;0.98;232.98;340.01;0.65;223.05;339.79;0.38;242.05;355.77;0.83;220.24;356.85;0.83;245.28;377.14;0.86;218.52;375.63;0.84;241.4;396.57;0.89;217.01;392.47;0.84;240.53;394.41;0.82;228.01;394.41;0.83;237.08;422.69;0.82;229.74;422.9;0.85;240.1;450.54;0.86;232.12;450.1;0.87;160.07;179.87;166.84;178.48;175.28;171.78;10.86;16.94;169.14;163.06;110.09;20.22;10.28;
7;0;223.68;340.24;0.96;226.06;337.44;0.94;222.39;337.22;0.98;232.97;340.03;0.65;223.04;339.81;0.39;242.03;355.57;0.83;220.23;356.86;0.83;245.27;376.94;0.86;218.5;375.43;0.85;241.39;396.59;0.89;216.99;392.48;0.84;240.52;394.21;0.82;227.79;394.43;0.83;237.28;422.49;0.81;229.73;422.92;0.85;240.09;450.55;0.86;232.1;450.12;0.87;160.2;179.75;167.76;178.91;175.71;172.53;10.86;16.69;169.14;163.31;110.1;0.65;0.65;
8;0;223.27;340.66;0.97;225.65;337.85;0.95;222.19;337.63;1.0;232.78;340.23;0.61;222.62;339.8;0.33;242.08;356.44;0.84;220.03;357.52;0.83;245.11;377.63;0.86;218.3;375.9;0.86;241.0;396.87;0.9;217.22;392.98;0.85;240.78;395.14;0.84;228.24;395.14;0.85;237.11;423.25;0.83;229.54;423.25;0.86;239.92;450.27;0.86;232.14;449.84;0.88;159.82;178.24;166.61;177.07;174.47;170.32;10.05;17.7;169.95;162.3;109.39;14.44;16.44;
9;0;222.71;341.25;0.98;225.3;338.45;0.96;221.85;338.24;1.01;232.18;341.04;0.67;221.85;340.39;0.39;241.66;357.18;0.84;219.49;358.04;0.84;244.45;378.49;0.86;217.98;376.55;0.85;239.93;397.43;0.9;216.9;393.55;0.85;240.36;396.13;0.85;227.88;395.92;0.86;236.7;423.47;0.84;229.17;423.68;0.87;239.72;450.37;0.87;231.97;450.16;0.88;159.1;178.97;165.99;176.63;174.27;170.17;9.38;17.15;170.62;162.85;109.01;36.2;19.67;
10;0;222.47;342.26;0.95;225.03;339.49;0.91;221.62;339.28;0.94;232.48;342.05;0.56;266.77;341.62;0.29;242.07;358.45;0.85;219.92;359.09;0.83;243.56;379.53;0.86;217.36;377.19;0.88;238.66;398.06;0.89;216.3;395.08;0.87;240.79;397.0;0.86;228.22;397.0;0.87;236.32;424.26;0.84;228.65;424.26;0.87;239.94;449.82;0.87;232.27;449.82;0.88;161.15;175.37;162.62;172.83;172.58;168.54;5.94;20.39;174.06;159.61;107.55;42.87;49.52;
11;0;222.41;345.85;0.94;224.94;342.69;0.88;221.36;342.69;0.96;231.69;345.22;0.68;220.94;345.01;0.43;240.96;361.24;0.83;219.67;361.66;0.82;240.12;384.21;0.8;216.72;380.2;0.86;231.47;401.28;0.82;213.77;398.75;0.84;241.38;396.85;0.81;227.47;398.54;0.81;236.11;425.93;0.82;226.84;425.93;0.84;241.17;448.06;0.85;232.11;450.8;0.85;155.25;180.0;156.86;166.72;169.05;166.74;2.78;20.98;177.22;159.02;103.58;236.9;133.97;cocking_backswing
12;0;222.35;345.85;0.94;224.88;342.68;0.88;221.3;342.68;0.96;231.63;345.21;0.69;220.87;345.0;0.44;241.12;361.24;0.83;219.61;361.67;0.82;240.07;384.24;0.8;216.66;380.23;0.86;231.42;401.32;0.82;213.7;398.79;0.85;241.33;396.89;0.82;227.41;398.58;0.81;236.27;426.0;0.83;226.78;426.0;0.84;241.12;448.15;0.85;232.05;450.68;0.86;155.78;180.0;157.78;166.62;169.8;166.74;2.97;20.98;177.03;159.02;103.57;2.13;2.48;jump_peak
13;0;222.02;347.79;0.96;224.92;344.68;0.94;220.98;344.68;1.01;231.55;347.79;0.82;220.78;347.38;0.54;241.08;363.33;0.85;219.12;363.53;0.82;238.8;386.53;0.82;216.43;381.97;0.85;226.58;402.06;0.8;213.11;398.96;0.85;241.28;397.51;0.8;226.78;398.96;0.77;237.14;426.71;0.83;225.96;426.92;0.82;241.7;448.46;0.87;231.96;450.95;0.85;147.42;177.27;160.09;164.27;171.58;166.09;5.96;20.52;174.04;159.48;101.91;147.49;18.43;
14;0;222.71;350.41;0.88;225.35;347.16;0.83;221.9;346.96;0.86;232.46;348.99;0.65;220.88;348.58;0.41;241.4;366.25;0.83;220.07;366.25;0.84;237.74;386.56;0.8;216.82;382.7;0.85;223.12;398.14;0.73;213.17;397.53;0.83;241.4;400.17;0.83;228.6;401.39;0.79;237.95;427.18;0.82;225.35;428.2;0.8;242.41;449.12;0.87;232.06;450.13;0.82;138.57;177.32;161.2;156.1;172.72;159.44;10.2;24.82;169.8;155.18;99.22;157.4;42.91;
15;0;224.84;353.09;0.83;227.05;350.08;0.82;223.63;349.88;0.84;233.48;352.69;0.56;265.02;352.49;0.32;241.71;369.16;0.84;219.81;369.57;0.83;236.29;387.25;0.83;216.2;383.83;0.79;224.03;390.46;0.79;214.59;391.06;0.78;241.71;401.11;0.83;227.45;403.32;0.79;240.31;427.83;0.82;225.24;430.65;0.8;243.92;453.15;0.86;232.47;451.54;0.8;121.4;178.3;168.86;156.28;176.99;162.63;16.7;26.97;163.3;153.03;99.25;232.76;199.3;
16;0;225.71;352.8;0.82;227.77;350.12;0.82;224.48;349.91;0.81;234.56;353.41;0.53;255.14;353.21;0.31;242.59;368.85;0.82;219.75;368.85;0.83;237.03;386.55;0.8;217.07;385.31;0.73;224.69;386.14;0.74;220.78;386.55;0.64;241.77;401.16;0.81;227.36;403.63;0.75;241.36;428.33;0.79;226.13;431.0;0.78;244.65;455.29;0.83;233.12;451.79;0.77;105.52;99.21;172.17;158.81;179.41;165.07;15.97;21.58;164.03;158.42;100.74;131.69;230.54;
17;0;225.76;352.66;0.83;227.82;350.19;0.83;224.33;349.99;0.83;234.61;353.48;0.54;255.17;353.07;0.32;242.62;368.9;0.82;219.8;368.9;0.82;237.07;386.58;0.8;217.34;385.55;0.72;224.53;385.96;0.74;220.83;386.58;0.64;241.8;401.18;0.8;227.2;403.65;0.75;241.39;428.32;0.79;226.18;431.2;0.78;244.68;455.46;0.82;232.96;451.76;0.76;104.61;97.96;172.22;159.6;179.41;165.84;15.97;20.45;164.03;159.55;100.95;6.94;1.96;
18;0;227.16;351.32;0.84;229.23;348.84;0.82;225.5;348.84;0.82;235.43;351.94;0.55;255.68;352.15;0.31;243.9;367.65;0.81;220.13;367.44;0.81;239.77;385.01;0.8;216.82;384.6;0.73;225.5;382.95;0.75;219.92;382.95;0.64;241.83;401.55;0.78;226.75;403.82;0.73;242.87;430.69;0.77;227.37;431.93;0.77;244.11;457.15;0.82;232.12;451.98;0.79;95.15;51.02;179.35;167.92;174.48;170.96;9.9;21.22;170.1;158.78;103.24;95.49;112.79;
19;0;227.92;350.03;0.84;230.49;347.46;0.86;226.42;347.24;0.84;236.49;350.24;0.58;223.84;350.24;0.32;244.86;365.89;0.8;219.99;365.68;0.8;245.07;384.33;0.78;215.48;383.69;0.75;228.99;383.69;0.7;219.99;382.62;0.66;241.21;402.34;0.75;226.2;405.13;0.72;243.78;431.93;0.74;228.35;432.57;0.75;243.14;459.16;0.79;230.92;450.58;0.76;87.04;62.57;173.68;176.34;169.32;175.51;6.38;22.99;173.62;157.01;104.84;107.28;10.06;
20;0;228.67;348.53;0.85;231.52;345.89;0.89;226.91;345.68;0.86;237.45;348.75;0.58;223.84;348.75;0.27;245.36;364.56;0.81;219.44;364.12;0.82;249.75;383.22;0.78;214.61;384.1;0.76;242.5;387.62;0.61;219.44;384.98;0.66;240.74;402.55;0.78;226.25;405.18;0.76;244.04;434.17;0.73;228.67;433.73;0.68;241.4;462.71;0.78;229.76;448.0;0.77;107.98;86.71;168.78;179.56;167.13;175.42;20.16;23.0;159.84;157.0;106.83;423.49;73.0;
21;0;228.91;346.21;0.87;231.87;343.47;0.87;227.77;343.25;0.86;238.95;346.67;0.58;301.22;345.53;0.32;247.39;363.09;0.79;220.47;363.09;0.8;256.28;384.08;0.79;214.54;384.08;0.77;256.97;402.78;0.71;213.4;403.24;0.78;241.0;403.01;0.77;226.4;404.38;0.78;244.19;434.94;0.73;228.23;435.86;0.73;241.0;462.54;0.78;229.82;443.84;0.75;159.12;167.63;167.69;172.01;165.2;175.14;32.06;23.96;147.94;156.04;106.98;630.84;578.87;
22;0;228.97;346.23;0.87;231.93;343.5;0.87;227.6;343.27;0.87;238.99;346.68;0.59;301.18;345.55;0.33;247.42;363.08;0.79;220.54;363.08;0.8;256.3;384.04;0.79;214.62;384.27;0.77;257.21;402.72;0.71;213.25;403.4;0.78;241.04;402.95;0.77;226.46;404.31;0.78;244.0;434.83;0.73;228.29;435.75;0.74;241.04;462.62;0.78;229.88;443.95;0.75;159.82;168.47;168.61;172.31;165.6;175.14;32.06;23.79;147.94;156.21;107.06;7.7;6.59;
23;0;228.56;346.07;0.88;231.99;343.1;0.85;227.88;342.87;0.85;238.62;346.75;0.6;226.97;345.84;0.44;247.53;362.98;0.73;220.8;362.98;0.76;258.5;383.54;0.71;214.63;384.23;0.76;265.58;401.14;0.61;209.6;403.19;0.74;241.82;403.88;0.69;226.51;404.79;0.71;242.96;433.58;0.73;227.65;436.33;0.71;240.45;463.06;0.75;228.34;444.32;0.71;173.86;178.66;172.92;177.18;169.85;174.3;36.02;23.97;143.98;156.03;107.63;256.35;110.16;
24;0;228.44;346.22;0.88;231.62;343.27;0.88;227.76;343.04;0.87;238.21;347.13;0.44;226.39;345.99;0.26;247.76;363.72;0.76;221.39;363.49;0.77;260.94;379.17;0.78;214.12;382.58;0.78;270.48;392.13;0.68;208.89;400.08;0.74;242.07;404.85;0.72;227.3;405.31;0.74;241.85;434.85;0.74;227.08;437.58;0.71;240.03;462.57;0.76;226.39;445.3;0.71;175.92;175.78;176.68;175.36;172.57;171.55;48.33;28.9;131.67;151.1;107.72;308.68;96.06;
25;0;228.7;346.69;0.84;232.53;343.53;0.85;227.35;343.31;0.85;239.29;347.59;0.41;224.64;347.36;0.19;247.18;363.82;0.74;221.94;362.92;0.75;263.41;375.32;0.67;216.53;376.22;0.66;275.36;385.01;0.66;222.39;395.83;0.44;242.0;404.62;0.72;227.57;404.85;0.74;241.32;433.7;0.69;225.32;433.25;0.67;239.75;460.97;0.72;225.99;446.1;0.68;176.26;141.23;178.02;172.45;174.09;167.81;61.93;29.79;118.07;150.21;106.85;259.76;425.83;
26;0;227.03;343.83;0.88;231.16;340.85;0.8;226.34;340.16;0.82;237.13;346.36;0.6;224.73;345.21;0.4;245.62;361.04;0.68;219.46;359.67;0.77;262.14;362.19;0.65;225.19;377.79;0.57;274.3;362.42;0.63;234.6;393.86;0.36;242.4;403.04;0.69;226.57;402.12;0.72;240.8;435.85;0.7;221.52;433.1;0.75;239.65;462.01;0.71;222.9;458.8;0.72;177.11;167.2;179.71;167.68;178.43;161.23;90.4;8.05;89.6;171.95;116.57;680.71;372.39;
27;0;226.98;343.81;0.89;231.11;340.83;0.81;226.29;340.14;0.83;237.08;346.34;0.6;224.68;345.19;0.39;245.8;361.03;0.68;219.4;359.65;0.77;262.56;361.95;0.66;225.14;378.25;0.57;274.73;362.41;0.64;234.78;394.55;0.37;242.59;403.04;0.7;226.52;402.35;0.73;240.98;435.64;0.71;221.47;433.11;0.75;239.61;461.81;0.72;222.85;458.59;0.73;179.02;166.55;179.81;167.58;178.45;161.21;91.24;7.69;88.76;172.31;116.39;12.86;21.48;
28;0;227.13;342.25;0.85;230.99;338.87;0.86;226.4;338.38;0.84;237.04;344.67;0.51;223.98;342.98;0.4;245.74;358.2;0.68;219.15;357.0;0.75;260.72;355.79;0.68;226.64;376.57;0.57;270.15;355.55;0.67;230.03;391.32;0.33;243.32;401.71;0.7;227.37;400.75;0.71;240.66;437.0;0.68;220.36;432.89;0.69;240.9;462.86;0.71;219.88;464.8;0.71;172.31;171.98;175.16;168.57;178.87;157.06;102.34;10.3;77.66;169.7;121.58;248.29;173.04;
29;0;226.81;340.11;0.85;230.66;336.52;0.86;225.79;335.75;0.85;236.81;342.67;0.5;223.48;341.39;0.37;246.3;355.23;0.69;218.61;355.23;0.74;261.93;350.88;0.65;225.53;353.18;0.54;264.24;350.36;0.61;232.45;350.88;0.44;242.71;401.38;0.7;227.33;400.61;0.71;240.4;438.81;0.69;219.89;435.22;0.71;241.43;459.06;0.73;217.07;470.08;0.72;176.96;178.07;173.57;172.5;179.08;157.0;110.02;95.63;69.98;84.37;124.46;236.6;1219.53;
30;0;225.69;337.66;0.91;229.88;334.78;0.91;225.17;333.99;0.9;236.68;341.32;0.61;222.81;339.75;0.4;245.32;353.88;0.72;218.36;354.41;0.77;259.19;350.22;0.68;225.43;357.55;0.56;262.86;348.91;0.69;230.92;351.27;0.41;242.18;401.26;0.72;226.74;400.74;0.73;240.09;441.05;0.72;220.45;436.86;0.75;241.66;456.75;0.74;214.43;471.67;0.73;175.14;107.22;171.28;179.95;179.22;159.89;108.59;55.79;71.41;124.21;126.56;60.37;47.49;
31;0;225.2;336.59;0.95;229.9;333.83;0.97;224.36;333.55;0.92;236.27;340.47;0.86;221.87;338.53;0.6;243.19;355.97;0.73;215.78;354.87;0.82;252.33;362.34;0.65;222.43;376.74;0.64;250.39;358.46;0.57;223.81;394.18;0.49;241.53;402.48;0.72;222.98;402.48;0.72;240.42;443.45;0.72;219.94;441.24;0.77;241.81;457.57;0.78;215.51;481.1;0.77;28.56;167.64;172.85;178.15;179.5;166.91;57.17;8.3;122.83;171.7;132.74;472.85;1309.23;
32;0;225.44;336.6;0.94;229.87;334.11;0.96;224.61;333.55;0.91;236.24;340.47;0.84;221.84;338.53;0.58;243.16;355.97;0.72;215.75;354.86;0.82;252.29;362.06;0.65;222.4;376.73;0.64;250.63;358.46;0.57;224.06;393.89;0.48;241.49;402.47;0.72;223.23;402.47;0.72;240.39;443.16;0.71;220.18;440.95;0.77;242.05;457.55;0.78;215.48;480.8;0.77;31.53;168.63;171.86;177.79;179.51;166.55;58.36;7.98;121.64;172.02;132.58;7.26;11.31;
33;0;226.28;336.98;0.96;230.77;334.17;0.97;225.16;333.89;0.94;237.23;340.63;0.9;223.19;339.51;0.74;244.81;357.75;0.74;215.61;357.47;0.84;253.23;365.89;0.69;222.35;380.77;0.7;248.74;357.47;0.52;221.79;398.74;0.54;241.16;404.36;0.74;222.63;404.07;0.74;241.16;444.22;0.76;219.83;443.66;0.78;242.57;460.5;0.79;215.9;483.52;0.8;17.9;162.08;175.07;178.43;175.52;167.38;50.45;7.56;129.55;172.44;135.03;64.15;161.08;
34;0;226.7;336.08;0.99;231.73;333.85;0.97;225.58;333.57;0.94;238.43;341.11;0.93;223.91;340.55;0.62;248.2;360.38;0.77;215.81;360.38;0.84;255.18;383.28;0.76;219.72;384.95;0.75;259.93;402.54;0.64;219.44;403.38;0.58;240.66;408.13;0.74;221.67;407.85;0.76;242.06;443.59;0.8;219.44;444.43;0.82;243.18;465.09;0.8;216.37;483.24;0.86;176.89;170.09;179.28;178.97;168.77;169.46;25.93;2.0;154.07;178.0;138.08;1397.82;156.58;
35;0;228.99;335.8;0.88;233.15;333.58;0.91;227.32;333.3;0.87;239.53;340.51;0.83;225.38;339.68;0.54;250.06;361.59;0.79;216.23;361.31;0.85;254.5;387.65;0.81;213.18;387.1;0.78;258.66;410.67;0.79;211.52;408.45;0.69;240.08;410.39;0.76;220.95;410.11;0.77;243.69;443.39;0.82;218.73;446.16;0.84;243.96;471.67;0.82;216.79;482.76;0.85;179.42;177.71;174.33;179.51;162.21;170.96;21.22;12.26;158.78;167.74;141.42;247.52;283.04;
36;0;230.68;334.62;0.91;235.17;332.38;0.97;229.56;331.81;0.95;241.61;339.94;0.9;227.04;339.1;0.61;251.14;361.52;0.82;218.63;361.52;0.82;255.06;391.51;0.85;209.38;389.27;0.8;255.06;417.57;0.83;199.01;411.69;0.75;240.49;410.84;0.8;220.59;410.28;0.78;244.98;445.6;0.85;218.35;447.0;0.86;244.98;478.1;0.85;216.39;483.43;0.85;172.55;173.61;172.65;179.59;160.46;174.2;19.64;20.74;160.36;159.26;146.15;234.27;388.8;
37;0;235.51;332.44;0.89;240.59;329.76;0.9;233.72;329.46;0.85;246.85;337.22;0.66;231.63;336.62;0.35;255.81;358.11;0.78;221.19;358.41;0.76;256.7;374.22;0.67;205.07;375.71;0.73;256.7;373.92;0.63;192.54;384.37;0.62;241.48;409.14;0.74;223.87;408.54;0.73;245.36;445.25;0.77;217.91;446.44;0.76;245.96;484.34;0.8;216.41;483.15;0.79;3.18;167.58;174.74;173.38;158.19;167.98;18.86;46.02;161.14;133.98;151.3;1314.7;845.02;
38;0;235.48;332.48;0.89;240.55;329.79;0.91;233.69;329.49;0.86;246.82;337.25;0.69;231.6;336.35;0.37;255.76;358.13;0.78;221.16;358.43;0.76;256.96;374.53;0.67;205.06;375.73;0.73;256.66;373.04;0.63;191.93;384.38;0.62;241.45;409.13;0.75;223.85;408.54;0.73;245.32;444.93;0.77;217.88;446.42;0.76;245.92;484.6;0.8;216.39;483.4;0.79;7.15;166.34;174.68;173.36;158.14;167.98;19.84;46.02;160.16;133.98;151.53;26.6;18.29;
39;0;237.42;329.84;0.9;242.31;327.09;0.93;235.89;326.48;0.86;249.65;334.43;0.84;234.67;333.21;0.48;256.99;353.39;0.77;224.58;350.94;0.77;259.44;361.65;0.68;209.9;358.59;0.7;259.44;358.89;0.64;202.56;349.72;0.69;243.84;406.29;0.76;225.8;405.38;0.75;245.06;446.05;0.79;218.15;446.66;0.79;245.68;487.64;0.83;216.93;483.97;0.82;16.5;102.1;179.08;171.39;164.28;168.22;30.46;63.78;149.54;116.22;155.96;433.95;1091.06;
40;0;241.4;327.23;0.81;246.14;324.52;0.77;239.36;323.84;0.79;253.61;329.94;0.69;237.32;326.89;0.55;257.0;349.62;0.77;227.15;345.21;0.77;263.79;339.78;0.74;208.15;337.75;0.75;257.0;323.16;0.75;204.08;319.09;0.76;247.16;402.54;0.74;227.83;401.52;0.72;245.81;446.64;0.79;219.68;445.63;0.8;245.47;488.03;0.8;217.65;481.25;0.8;123.2;123.76;178.71;172.81;171.23;168.85;155.94;112.14;24.06;67.86;157.41;1078.15;923.18;
41;0;242.44;317.59;0.78;247.15;315.05;0.7;240.99;313.97;0.73;254.77;321.58;0.55;237.36;319.04;0.43;261.67;340.09;0.77;229.38;336.1;0.78;271.1;325.21;0.78;212.32;320.13;0.78;260.94;305.62;0.8;213.05;301.63;0.82;250.78;397.05;0.74;230.1;395.96;0.75;247.88;443.13;0.8;223.57;440.59;0.81;246.43;486.31;0.82;218.49;478.33;0.83;120.21;130.87;178.32;179.34;172.79;170.98;158.44;133.81;21.56;46.19;164.72;541.09;590.83;
42;0;251.67;297.9;0.79;255.81;295.42;0.76;248.77;294.18;0.77;263.67;300.8;0.59;243.81;297.08;0.56;267.39;319.42;0.79;235.95;314.04;0.82;286.01;309.07;0.86;226.85;288.8;0.84;274.43;290.87;0.84;233.47;269.77;0.84;257.46;378.17;0.78;236.36;376.51;0.79;253.33;429.06;0.83;232.22;425.33;0.83;251.26;479.12;0.83;224.78;469.19;0.86;86.58;140.99;177.72;175.21;175.05;174.78;128.65;160.55;51.35;19.45;176.25;601.55;1139.02;
43;0;251.26;299.01;0.82;255.62;295.96;0.78;247.77;295.08;0.8;262.59;300.32;0.58;242.1;297.26;0.59;267.39;318.63;0.8;235.56;313.83;0.82;286.14;308.6;0.85;226.84;288.11;0.85;274.36;289.85;0.85;234.25;268.49;0.84;257.8;377.92;0.8;236.43;376.18;0.81;253.87;428.5;0.84;232.51;424.58;0.84;251.26;479.08;0.83;224.66;469.48;0.86;86.02;140.58;178.52;174.72;175.25;174.56;127.33;162.08;52.67;17.92;175.27;30.71;45.25;
44;0;255.87;290.98;0.85;259.28;288.0;0.81;252.46;287.15;0.78;265.66;292.69;0.68;246.5;289.28;0.63;271.2;310.15;0.81;238.83;305.46;0.85;292.5;306.31;0.86;233.72;279.06;0.85;286.96;288.43;0.88;240.54;261.6;0.85;260.55;368.92;0.82;239.26;367.22;0.83;255.87;421.31;0.84;235.85;418.75;0.87;255.02;471.56;0.85;231.59;463.89;0.88;83.01;147.73;175.86;178.39;174.84;175.82;110.47;169.44;69.53;10.56;176.74;381.56;280.76;
45;0;258.36;284.63;0.91;263.05;281.11;0.92;255.23;280.72;0.89;269.31;286.19;0.64;248.98;283.45;0.57;275.57;303.0;0.8;243.51;298.31;0.85;291.2;302.61;0.75;238.03;276.03;0.88;298.24;297.53;0.83;246.24;263.91;0.82;262.27;363.21;0.82;240.38;361.26;0.84;259.14;415.6;0.81;239.99;414.04;0.83;259.14;466.04;0.83;240.77;462.13;0.85;145.59;132.09;176.58;178.64;170.97;177.58;103.88;163.36;76.12;16.64;179.46;436.35;185.25;
46;0;264.26;277.32;0.82;268.46;272.35;0.83;261.58;272.35;0.83;274.58;278.85;0.55;252.79;277.32;0.58;279.17;298.35;0.78;246.67;291.85;0.82;293.7;304.09;0.72;240.56;270.44;0.87;304.4;306.76;0.81;255.85;261.65;0.76;261.58;358.75;0.8;240.56;357.22;0.82;262.35;410.36;0.78;245.91;409.22;0.8;263.88;460.83;0.84;247.82;459.68;0.84;172.5;103.95;179.11;176.29;162.92;168.78;84.69;158.71;95.31;21.29;182.93;334.02;297.02;
47;0;274.88;271.19;0.76;281.15;266.49;0.77;271.75;265.31;0.84;287.81;271.97;0.54;265.48;269.62;0.54;290.55;295.48;0.79;253.34;280.98;0.79;309.35;317.41;0.73;247.46;257.09;0.82;302.3;313.89;0.77;257.65;259.44;0.63;265.09;351.49;0.81;244.72;349.53;0.82;270.18;400.45;0.76;253.34;399.67;0.77;275.27;454.12;0.81;261.17;454.12;0.81;22.83;63.19;179.48;178.44;149.62;163.08;65.05;159.02;114.95;20.98;182.93;223.58;85.79;
48;0;274.8;270.67;0.77;280.67;265.98;0.78;271.67;264.8;0.85;287.71;271.85;0.56;265.4;269.5;0.54;290.45;295.33;0.79;253.27;280.85;0.8;308.85;317.25;0.74;247.4;257.36;0.83;302.59;314.51;0.78;258.75;259.71;0.64;265.01;351.69;0.81;244.66;349.74;0.82;270.1;401.01;0.77;253.27;399.84;0.77;275.58;454.24;0.81;261.1;454.24;0.81;26.36;64.27;179.99;178.44;149.82;163.12;64.3;158.84;115.7;21.16;183.57;20.67;34.27;
49;0;282.72;263.99;0.84;287.96;261.17;0.88;279.91;259.96;0.87;295.2;271.63;0.57;273.07;265.59;0.5;294.8;295.77;0.82;258.98;276.46;0.8;305.26;320.72;0.79;252.14;256.74;0.77;298.82;319.51;0.78;251.34;248.29;0.71;267.84;348.48;0.81;246.51;346.47;0.82;275.48;399.58;0.77;256.17;399.18;0.79;283.53;454.71;0.83;265.83;455.51;0.83;56.63;166.31;179.8;179.35;144.4;159.52;49.84;150.76;130.16;29.24;191.12;188.5;409.78;
50;0;286.81;263.33;0.9;293.16;261.06;0.95;285.45;259.25;0.89;300.42;272.41;0.48;278.64;262.88;0.35;297.7;298.28;0.84;263.66;275.13;0.85;302.69;323.69;0.85;256.4;243.82;0.85;287.72;319.61;0.81;261.85;218.4;0.8;270.47;347.29;0.82;249.14;343.66;0.82;280.0;402.66;0.81;259.12;399.94;0.85;291.35;454.4;0.87;268.65;456.67;0.89;63.63;154.85;177.4;179.48;141.18;157.97;40.17;154.98;139.83;25.02;192.21;334.24;953.74;
51;0;291.08;264.3;0.98;297.49;263.32;1.02;289.11;260.85;0.97;304.38;274.65;0.73;280.24;265.78;0.56;300.94;300.27;0.88;268.42;275.14;0.86;297.98;326.38;0.83;263.98;245.09;0.83;281.23;319.98;0.72;267.43;216.02;0.8;274.33;348.55;0.84;252.65;345.6;0.82;285.17;404.72;0.84;262.5;403.24;0.88;297.98;454.48;0.9;270.39;457.44;0.94;75.53;164.84;176.49;178.58;140.22;157.69;22.4;158.99;157.6;21.01;191.66;195.61;182.78;
52;0;296.26;268.08;0.93;302.7;266.6;0.98;294.28;263.62;0.94;308.65;277.01;0.64;285.36;269.08;0.42;304.19;301.79;0.84;273.46;278.0;0.83;295.27;330.53;0.78;271.48;249.25;0.81;275.94;325.08;0.7;278.91;223.48;0.82;277.92;351.35;0.82;255.62;347.88;0.8;290.31;407.35;0.83;266.03;406.36;0.86;304.19;456.92;0.9;272.47;461.38;0.91;91.49;159.96;176.83;176.59;139.6;155.59;10.68;161.73;169.32;18.27;191.06;221.24;412.1;
53;0;296.25;268.04;0.94;302.69;267.05;0.99;294.27;264.08;0.95;308.64;277.46;0.63;285.34;269.53;0.4;304.18;301.74;0.84;273.45;277.95;0.84;295.26;330.49;0.8;271.47;248.71;0.81;275.43;325.53;0.72;279.4;223.43;0.81;277.91;351.31;0.82;255.61;347.84;0.8;290.3;407.31;0.83;266.01;406.32;0.86;304.18;456.87;0.9;272.46;461.33;0.91;93.21;158.7;176.83;176.59;139.6;155.59;10.68;161.8;169.32;18.2;191.06;20.43;14.65;
54;0;303.72;277.66;0.92;309.7;274.87;0.99;302.52;272.48;1.04;316.47;284.44;0.65;294.95;276.87;0.39;310.89;314.32;0.82;285.39;287.62;0.76;302.52;336.63;0.63;287.38;269.69;0.66;298.14;339.82;0.62;293.36;265.31;0.5;286.59;364.12;0.73;264.28;361.33;0.76;300.53;420.3;0.77;271.05;418.71;0.78;314.88;472.09;0.85;275.43;476.88;0.85;146.58;132.59;178.46;177.58;140.05;157.28;5.46;170.35;174.54;9.65;196.82;807.55;1328.73;
55;0;307.71;283.42;0.91;313.0;280.98;0.97;306.49;278.13;0.98;320.33;289.53;0.73;299.57;279.76;0.52;315.44;320.87;0.79;286.14;294.82;0.69;306.08;346.11;0.56;269.04;261.85;0.41;294.68;346.51;0.48;282.07;234.99;0.38;291.43;370.93;0.71;268.23;368.09;0.72;305.67;429.55;0.77;273.93;427.51;0.77;320.33;481.65;0.85;275.96;486.12;0.85;112.4;126.73;177.95;176.51;140.71;160.79;5.27;138.86;174.73;41.14;200.46;226.83;974.02;
56;0;294.69;278.91;0.49;300.17;274.93;0.5;288.21;276.42;0.52;308.15;277.92;0.47;277.24;277.42;0.49;314.13;313.31;0.55;273.25;310.32;0.54;319.12;327.77;0.41;270.76;316.31;0.35;309.65;262.96;0.4;303.16;346.22;0.38;298.18;381.12;0.64;273.25;381.12;0.64;309.65;437.95;0.78;275.74;439.45;0.76;326.1;494.29;0.81;275.74;497.28;0.82;10.71;110.09;175.13;177.55;155.35;177.55;32.27;22.62;147.73;157.38;216.87;2554.97;3407.82;landing
57;0;318.19;310.18;0.81;323.19;306.43;0.89;314.44;304.77;0.84;329.02;311.85;0.76;308.19;307.68;0.63;328.18;340.59;0.79;291.53;327.26;0.76;325.69;378.07;0.69;271.12;365.16;0.62;306.94;389.32;0.56;292.78;394.73;0.58;308.19;407.23;0.6;284.03;405.14;0.62;318.6;462.62;0.53;284.03;461.79;0.66;315.69;519.27;0.49;271.12;520.93;0.76;124.78;115.48;166.41;167.68;152.66;174.5;12.89;22.8;167.11;157.2;209.92;3804.28;1493.34;peak_hand_velocity
58;0;318.06;310.3;0.81;323.06;306.14;0.9;314.32;304.89;0.85;328.88;311.97;0.77;308.07;307.81;0.64;328.05;340.69;0.8;291.43;327.37;0.76;325.55;378.14;0.7;271.87;365.24;0.62;305.16;388.96;0.57;292.68;394.37;0.59;308.91;407.27;0.61;284.35;405.19;0.62;320.98;463.46;0.56;283.94;462.21;0.67;324.72;519.64;0.54;270.62;521.3;0.77;121.77;117.15;171.69;167.72;151.84;175.22;12.23;22.12;167.77;157.88;210.17;54.69;11.32;
59;0;325.01;318.0;0.8;328.27;313.11;0.85;320.53;312.29;0.87;332.75;318.81;0.69;313.19;316.77;0.64;333.16;352.22;0.8;293.23;337.15;0.8;331.94;390.12;0.76;281.82;375.45;0.7;308.3;407.23;0.67;290.78;410.08;0.71;312.38;410.49;0.72;285.48;407.23;0.69;327.05;470.8;0.8;289.97;469.58;0.82;324.6;524.59;0.89;268.37;523.77;0.88;127.76;148.9;163.73;154.16;146.7;169.58;17.78;10.28;162.22;169.72;206.18;558.03;476.4;
60;0;328.76;320.32;0.92;333.57;316.71;0.91;324.75;315.11;0.95;339.99;322.33;0.78;318.33;319.92;0.66;341.99;358.02;0.85;299.08;343.18;0.82;339.59;394.12;0.83;287.04;383.69;0.81;327.55;413.78;0.76;285.84;420.19;0.81;320.74;417.39;0.73;296.67;414.58;0.73;335.58;474.34;0.84;297.07;475.94;0.82;327.15;524.48;0.89;271.4;522.87;0.87;152.34;165.35;155.86;150.95;145.69;177.69;15.89;14.61;164.11;165.39;203.35;612.05;338.65;
61;0;333.28;320.53;0.96;338.48;316.13;0.97;329.27;315.33;1.01;344.48;321.73;0.86;322.47;319.73;0.72;347.28;356.95;0.86;303.66;344.94;0.84;344.88;394.17;0.84;288.05;385.37;0.82;336.48;417.38;0.81;278.85;422.98;0.81;323.67;414.98;0.75;298.46;412.18;0.75;340.48;474.21;0.86;304.06;477.01;0.83;328.47;522.64;0.89;274.45;521.44;0.89;163.79;172.64;150.23;141.37;142.02;170.64;18.45;16.69;161.55;163.31;201.5;289.73;226.63;
62;0;338.65;315.14;0.97;343.55;310.64;0.98;334.56;309.82;1.04;350.51;315.55;0.85;328.01;313.5;0.69;357.05;348.68;0.88;309.6;339.68;0.85;356.23;383.45;0.85;288.74;376.9;0.85;356.64;408.81;0.86;269.11;410.85;0.86;329.24;410.85;0.77;302.24;407.99;0.76;341.92;471.39;0.85;311.24;468.53;0.83;328.42;522.52;0.89;280.56;512.29;0.87;177.73;179.23;153.38;136.52;144.07;165.39;22.75;23.12;157.25;156.88;202.27;659.58;468.3;
63;0;338.64;315.14;0.97;343.55;310.64;0.98;334.55;309.82;1.04;350.5;315.54;0.85;328.01;313.5;0.69;357.05;348.67;0.88;309.6;339.68;0.85;356.23;383.44;0.85;288.74;376.9;0.85;356.64;408.8;0.86;269.11;410.84;0.86;329.24;410.84;0.77;302.24;407.98;0.76;341.92;471.38;0.85;311.24;468.51;0.83;328.42;522.5;0.89;280.56;512.28;0.87;177.73;179.23;153.38;136.52;144.07;165.39;22.75;23.12;157.25;156.88;202.25;0.26;0.26;
64;0;339.67;311.92;0.98;345.08;306.51;0.98;335.51;305.68;1.04;352.15;310.67;0.81;328.44;309.84;0.66;362.13;343.11;0.87;311.81;336.45;0.84;361.71;376.8;0.85;287.69;373.05;0.84;362.55;399.67;0.87;263.15;407.57;0.82;333.43;407.15;0.76;305.15;403.83;0.76;341.75;470.37;0.85;312.64;461.22;0.82;328.44;522.77;0.89;284.36;507.38;0.84;177.21;177.98;158.25;141.08;148.37;166.93;23.43;27.75;156.57;152.25;203.16;327.3;204.75;
65;0;339.17;305.71;0.97;344.32;300.14;0.97;334.45;299.71;1.02;351.18;304.86;0.8;327.16;304.43;0.6;363.62;334.45;0.87;312.57;332.31;0.84;366.63;370.92;0.86;287.27;367.06;0.85;366.2;391.94;0.85;261.96;398.37;0.85;337.46;403.95;0.75;308.29;399.23;0.76;340.46;468.72;0.84;313.86;453.71;0.81;328.88;522.78;0.89;288.12;500.04;0.84;174.12;177.12;165.25;145.1;156.71;170.49;25.34;32.4;154.66;147.6;205.69;257.36;279.2;
66;0;337.5;300.44;0.98;342.77;294.72;0.99;332.66;294.72;1.06;350.24;298.24;0.85;325.63;299.56;0.65;363.42;326.36;0.87;314.21;327.68;0.84;370.46;364.16;0.88;287.4;362.4;0.86;366.5;381.74;0.87;259.71;393.16;0.87;341.45;399.75;0.75;312.01;394.04;0.76;339.69;464.79;0.83;316.4;443.7;0.8;330.03;521.05;0.89;290.91;492.92;0.85;156.78;175.69;171.8;147.57;164.88;173.05;27.21;35.78;152.79;144.22;206.55;307.2;170.75;
67;0;332.81;291.23;1.01;337.82;285.31;1.02;328.25;285.31;1.02;346.47;288.05;0.61;321.87;289.87;0.4;362.42;313.1;0.88;313.21;320.85;0.81;376.09;353.66;0.93;285.42;355.48;0.85;365.15;370.06;0.85;255.8;386.0;0.87;350.12;386.46;0.77;320.5;382.36;0.73;345.56;456.63;0.81;322.78;422.0;0.77;335.99;514.95;0.88;299.09;472.12;0.81;127.68;174.62;174.4;151.41;174.2;176.53;28.15;45.51;151.85;134.49;202.3;353.85;245.45;
68;0;332.83;291.72;1.01;338.3;285.35;1.02;328.27;285.35;1.02;346.5;288.08;0.6;321.89;289.9;0.41;362.45;312.68;0.88;312.78;321.34;0.81;376.12;353.69;0.94;285.44;355.97;0.85;364.72;370.55;0.85;255.83;386.04;0.87;350.14;386.5;0.77;320.53;381.94;0.73;345.13;457.12;0.81;322.81;421.13;0.77;336.02;514.99;0.88;299.11;472.16;0.81;127.52;173.73;175.11;151.77;174.6;176.04;27.9;45.57;152.1;134.43;201.85;19.68;1.29;
69;0;330.55;287.11;1.06;336.07;281.13;1.07;325.49;281.13;1.07;344.81;285.27;0.49;320.43;287.57;0.35;363.21;308.73;0.91;312.15;319.31;0.81;377.94;350.14;0.95;285.47;353.82;0.85;362.29;370.38;0.77;254.65;385.56;0.89;354.01;383.72;0.79;324.57;379.12;0.75;349.41;455.48;0.82;326.87;413.16;0.76;342.05;513.91;0.89;304.33;466.06;0.82;122.73;173.56;176.49;153.06;176.67;172.13;26.57;49.45;153.43;130.55;202.87;73.32;38.36;
70;0;330.14;284.78;1.02;335.69;278.31;1.07;324.59;278.77;1.06;343.55;282.47;0.6;319.51;284.78;0.5;364.36;306.05;0.9;312.57;318.08;0.83;379.16;347.67;0.94;288.06;354.14;0.84;362.51;371.25;0.74;258.01;387.9;0.84;358.35;381.89;0.8;329.22;377.26;0.75;353.73;451.25;0.83;327.83;413.79;0.67;349.56;514.13;0.88;308.87;467.43;0.76;125.21;172.51;179.97;162.71;179.28;162.12;24.11;49.9;155.89;130.1;206.0;27.09;123.25;
71;0;330.79;280.96;1.02;336.46;274.35;1.02;325.6;274.35;1.07;344.96;278.6;0.78;319.46;280.49;0.72;366.69;304.11;0.89;315.2;316.86;0.84;380.38;347.56;0.89;299.15;358.89;0.86;367.16;379.2;0.86;279.78;393.84;0.85;365.74;381.09;0.8;335.04;379.2;0.78;361.96;445.8;0.86;331.26;429.27;0.8;365.74;513.34;0.92;324.65;481.69;0.82;139.82;171.92;173.46;177.13;177.36;158.03;18.2;38.56;161.8;141.44;216.55;277.21;679.39;
72;0;330.83;280.96;1.02;336.49;274.35;1.02;325.64;274.35;1.07;344.99;278.6;0.79;319.5;280.49;0.73;366.7;304.09;0.89;315.25;316.84;0.84;380.39;347.99;0.89;299.2;359.32;0.86;367.18;379.15;0.86;279.85;394.25;0.85;365.76;381.04;0.8;335.08;378.68;0.78;361.98;446.18;0.87;331.3;429.19;0.8;365.76;513.21;0.92;324.69;481.58;0.82;139.69;171.71;173.46;177.09;177.39;157.95;18.02;38.47;161.98;141.53;216.43;1.67;12.52;
73;0;332.02;283.64;1.02;338.1;276.63;1.02;327.35;277.09;1.03;347.44;281.3;0.87;321.74;282.23;0.76;369.41;306.53;0.83;317.53;319.15;0.86;383.43;350.46;0.84;316.13;362.61;0.86;371.74;385.04;0.84;308.66;399.53;0.87;372.68;388.78;0.77;339.97;389.72;0.77;371.28;452.8;0.82;338.1;453.27;0.84;382.02;521.96;0.9;343.24;512.62;0.86;143.63;170.4;169.91;173.37;176.47;160.68;15.42;19.48;164.58;160.52;233.66;224.42;881.56;
74;0;331.93;283.54;1.01;338.46;277.02;1.02;327.27;277.48;1.03;347.31;281.21;0.88;321.67;282.15;0.77;369.69;306.39;0.83;317.48;318.97;0.86;383.21;350.68;0.84;316.08;362.8;0.86;371.56;385.17;0.83;308.62;399.63;0.87;372.49;388.9;0.76;339.86;389.84;0.77;371.09;453.24;0.82;337.99;453.7;0.84;381.81;521.77;0.9;343.12;512.91;0.86;144.36;170.38;169.86;173.38;176.81;160.8;15.03;19.35;164.97;160.65;233.79;6.87;3.1;
75;0;333.41;287.52;1.03;339.25;280.71;1.06;328.55;281.2;1.01;349.46;284.6;0.89;323.2;286.55;0.77;371.82;311.34;0.84;318.82;322.04;0.86;385.92;355.59;0.84;321.26;365.32;0.87;373.77;390.6;0.84;322.71;402.27;0.88;374.74;395.95;0.76;341.68;399.35;0.77;376.2;461.59;0.83;344.11;465.97;0.87;390.79;529.66;0.9;352.86;526.74;0.89;143.18;179.05;169.18;173.9;179.3;165.62;15.7;13.25;164.3;166.75;240.68;176.36;431.63;
76;0;332.88;297.6;0.96;338.31;291.67;0.98;328.93;292.17;0.92;351.14;296.11;0.84;326.96;298.09;0.65;374.82;324.24;0.84;321.53;333.62;0.86;390.12;370.13;0.82;328.93;380.49;0.86;378.28;410.1;0.8;346.2;418.98;0.82;379.26;410.1;0.74;347.19;413.55;0.73;382.22;478.19;0.81;351.14;480.16;0.84;408.87;547.27;0.84;364.46;533.45;0.84;145.06;164.81;161.4;169.36;179.53;165.6;15.47;8.82;164.53;171.18;242.77;602.37;867.67;
77;0;332.75;297.69;0.96;338.18;291.77;0.98;328.8;291.77;0.92;351.51;296.21;0.85;327.32;298.19;0.65;374.71;324.35;0.84;321.4;334.22;0.85;390.01;370.25;0.82;328.8;380.62;0.86;378.66;410.23;0.79;346.08;418.63;0.82;379.15;410.23;0.74;347.07;413.69;0.73;382.11;477.86;0.81;351.51;480.32;0.83;408.77;546.47;0.84;364.34;533.14;0.84;145.71;164.62;161.28;170.16;179.55;165.91;15.47;8.83;164.53;171.17;242.11;12.18;11.28;
