frame;person_id;nose_x;nose_y;nose_conf;left_eye_x;left_eye_y;left_eye_conf;right_eye_x;right_eye_y;right_eye_conf;left_ear_x;left_ear_y;left_ear_conf;right_ear_x;right_ear_y;right_ear_conf;left_shoulder_x;left_shoulder_y;left_shoulder_conf;right_shoulder_x;right_shoulder_y;right_shoulder_conf;left_elbow_x;left_elbow_y;left_elbow_conf;right_elbow_x;right_elbow_y;right_elbow_conf;left_wrist_x;left_wrist_y;left_wrist_conf;right_wrist_x;right_wrist_y;right_wrist_conf;left_hip_x;left_hip_y;left_hip_conf;right_hip_x;right_hip_y;right_hip_conf;left_knee_x;left_knee_y;left_knee_conf;right_knee_x;right_knee_y;right_knee_conf;left_ankle_x;left_ankle_y;left_ankle_conf;right_ankle_x;right_ankle_y;right_ankle_conf;left_elbow_angle_2d_proj;right_elbow_angle_2d_proj;left_knee_angle_2d_proj;right_knee_angle_2d_proj;left_hip_angle_2d_proj;right_hip_angle_2d_proj;left_shoulder_angle_2d_proj;right_shoulder_angle_2d_proj;left_wrist_apparent_velocity_px_s;right_wrist_apparent_velocity_px_s;detected_event
0;0;319.18;291.4;1.03;320.86;285.21;1.07;319.18;285.77;0.9;329.86;286.9;0.93;342.23;287.46;0.7;321.43;326.82;0.92;370.35;321.2;0.89;323.67;376.31;0.89;379.91;369.0;0.92;309.62;389.8;0.93;348.98;375.74;0.71;342.23;410.05;0.83;375.41;406.67;0.81;326.49;489.9;0.91;396.22;493.83;0.88;336.61;572.0;0.98;417.02;572.0;1.0;131.23;91.0;161.82;178.52;154.81;169.96;11.43;7.92;;;
0;1;178.65;346.16;0.93;181.56;344.22;0.91;176.52;343.64;0.94;186.02;348.49;0.65;173.22;346.16;0.53;190.09;364.2;0.87;165.46;364.0;0.86;197.46;382.62;0.89;158.29;378.93;0.8;188.15;377.38;0.78;150.53;385.91;0.84;183.69;396.97;0.77;171.09;397.55;0.75;182.14;418.3;0.82;169.34;426.64;0.84;188.54;446.03;0.9;181.17;447.58;0.91;38.84;157.65;162.85;147.11;173.11;167.05;32.85;35.18;;;
1;0;312.69;291.29;1.02;314.37;285.14;1.07;313.25;285.7;0.92;322.21;286.82;0.92;335.09;287.94;0.7;314.93;326.0;0.91;362.52;321.52;0.9;319.41;375.26;0.87;373.15;369.11;0.91;303.74;392.06;0.95;341.24;378.06;0.73;336.77;408.85;0.83;366.99;406.05;0.8;321.65;490.58;0.9;389.95;493.38;0.87;335.65;572.31;0.98;415.7;571.19;0.98;131.78;93.08;159.81;176.41;154.76;168.31;9.57;9.57;187.24;240.14;
1;1;179.01;345.04;0.9;181.78;343.46;0.92;176.84;342.67;0.91;186.53;347.42;0.8;172.68;345.24;0.61;190.1;363.05;0.81;165.16;362.06;0.8;199.4;380.66;0.81;153.49;377.7;0.76;191.48;373.94;0.72;149.13;375.72;0.82;182.77;397.09;0.7;170.31;397.88;0.69;182.58;418.66;0.76;168.53;425.98;0.79;186.93;447.16;0.83;180.6;445.38;0.83;21.8;102.31;170.79;144.47;168.39;168.2;39.98;44.93;142.55;306.11;
2;0;304.54;292.04;1.01;306.22;285.88;1.0;305.1;285.88;0.92;314.06;287.0;0.89;324.14;287.56;0.69;308.46;325.65;0.92;354.95;321.17;0.89;314.06;375.49;0.89;366.15;368.21;0.93;297.26;393.41;0.96;334.23;381.65;0.75;330.3;408.54;0.85;359.43;405.18;0.81;318.54;491.43;0.91;380.15;492.55;0.87;335.91;572.64;0.97;413.75;569.28;0.97;130.44;99.44;159.86;169.69;157.16;169.71;8.35;10.34;196.8;234.45;
2;1;178.74;345.0;0.86;181.57;342.97;0.89;176.51;342.16;0.9;186.43;346.82;0.86;172.05;344.8;0.75;189.67;362.41;0.76;164.56;360.79;0.76;200.0;378.61;0.77;149.37;374.97;0.81;192.51;369.7;0.66;149.17;366.87;0.82;182.58;396.64;0.64;170.03;397.04;0.63;181.98;418.51;0.7;166.38;426.0;0.76;185.62;448.07;0.78;179.75;443.21;0.79;7.54;48.41;171.38;135.0;169.89;164.25;44.22;55.55;129.51;263.14;
3;0;178.84;345.29;0.86;181.73;343.63;0.89;176.77;342.6;0.85;186.27;347.56;0.9;172.43;345.08;0.82;188.13;361.81;0.74;164.79;359.54;0.76;200.53;376.89;0.81;146.2;370.69;0.83;191.44;363.05;0.78;150.33;358.3;0.82;182.35;396.72;0.68;169.95;396.93;0.66;182.14;419.44;0.73;163.96;426.47;0.8;185.03;449.39;0.78;178.63;439.48;0.81;6.12;40.6;173.96;120.12;171.11;160.67;48.82;66.9;3273.93;5512.52;
3;1;296.24;291.28;1.0;297.94;285.63;0.97;296.81;285.63;0.91;304.72;287.33;0.86;319.42;287.89;0.69;302.46;325.77;0.92;347.13;320.69;0.89;308.11;377.79;0.89;360.13;367.61;0.95;292.28;393.06;0.98;330.17;382.32;0.75;325.64;408.32;0.83;353.35;405.5;0.82;317.73;492.0;0.91;368.61;490.87;0.87;335.82;572.86;0.95;408.76;564.38;0.98;127.75;100.64;161.98;161.5;158.91;174.06;9.48;11.29;3047.31;5401.89;
4;0;288.23;291.65;1.02;289.34;285.52;0.97;289.34;286.08;0.86;296.59;287.75;0.84;312.75;288.31;0.67;294.92;325.1;0.92;338.95;320.08;0.89;301.05;375.82;0.89;354.0;366.9;0.94;285.44;393.65;0.97;326.69;385.85;0.73;320.55;407.03;0.84;347.31;403.68;0.82;315.54;491.19;0.92;357.34;490.07;0.86;335.6;571.45;0.95;401.93;558.07;0.98;131.92;106.94;162.55;153.37;159.21;179.09;10.48;12.11;2939.85;5307.98;
4;1;178.54;346.33;0.84;181.6;344.5;0.86;176.09;343.68;0.83;186.09;348.38;0.86;171.81;346.74;0.77;187.52;361.64;0.78;164.46;359.8;0.77;199.77;373.88;0.85;144.67;367.76;0.85;191.4;358.37;0.81;151.4;356.13;0.81;182.62;398.17;0.72;170.58;397.76;0.69;182.42;420.61;0.75;160.18;425.31;0.83;184.87;451.22;0.79;177.32;437.55;0.81;16.65;38.03;174.91;104.84;172.88;150.14;52.64;77.26;3172.39;5372.72;
5;0;280.57;292.3;0.99;281.12;286.22;0.93;282.78;286.77;0.79;288.31;288.98;0.8;304.91;288.43;0.64;287.76;325.49;0.92;332.56;321.62;0.89;294.4;374.71;0.9;349.16;366.97;0.94;277.81;394.07;0.96;326.48;390.2;0.75;315.97;406.24;0.86;340.31;404.03;0.83;314.86;491.97;0.92;345.84;488.65;0.86;335.88;571.07;0.97;392.3;551.71;0.96;131.72;115.6;164.38;147.36;160.01;178.37;11.58;14.73;227.41;129.6;
5;1;179.12;347.89;0.82;182.36;345.87;0.84;176.69;345.06;0.78;186.01;350.12;0.81;172.03;348.7;0.74;187.43;362.07;0.77;164.54;359.44;0.76;199.58;370.98;0.85;144.09;364.5;0.86;191.48;356.19;0.82;152.39;354.17;0.81;182.97;399.54;0.72;170.41;398.93;0.69;182.77;419.79;0.75;156.24;423.43;0.83;184.79;451.58;0.78;175.28;435.99;0.79;25.03;37.3;175.78;93.36;173.79;141.49;60.53;84.56;64.86;65.27;
6;0;273.98;293.5;0.95;273.98;287.41;0.9;275.64;287.97;0.79;280.06;289.63;0.82;298.33;289.07;0.65;280.62;326.16;0.91;326.0;321.18;0.87;287.26;373.75;0.89;343.71;365.45;0.91;271.21;394.23;0.95;326.55;393.13;0.7;311.06;405.3;0.85;335.41;402.54;0.81;313.27;491.09;0.9;336.52;487.22;0.83;335.96;569.68;0.97;380.24;544.22;0.93;133.97;126.4;165.37;143.26;160.44;174.15;13.09;15.2;196.23;87.02;
6;1;178.98;349.48;0.76;182.82;347.86;0.76;176.76;347.05;0.7;186.05;352.71;0.68;171.7;351.5;0.66;187.07;363.42;0.78;164.83;361.2;0.78;198.59;368.27;0.85;144.82;361.81;0.85;189.69;353.32;0.84;154.12;351.5;0.82;182.82;400.21;0.74;170.09;399.4;0.72;183.02;420.62;0.75;153.31;422.24;0.83;185.04;451.75;0.79;172.31;436.79;0.79;36.43;46.22;176.85;91.15;172.85;135.87;73.75;96.1;100.67;94.63;
7;0;268.15;293.51;0.87;268.15;288.56;0.8;270.9;289.11;0.71;272.55;291.31;0.78;291.8;290.76;0.63;273.65;327.06;0.9;318.75;321.56;0.86;278.6;373.81;0.89;339.1;365.01;0.91;263.2;395.81;0.93;331.4;398.56;0.68;307.75;406.26;0.83;330.3;404.06;0.79;312.7;491.5;0.84;327.55;485.45;0.79;336.35;570.15;0.92;366.05;538.25;0.9;138.96;141.98;166.59;141.97;160.03;170.1;17.25;17.13;242.59;216.46;
7;1;178.85;349.71;0.73;182.69;348.09;0.69;177.44;347.08;0.65;185.72;352.74;0.66;171.78;351.33;0.63;187.13;363.65;0.78;164.3;360.82;0.79;197.44;365.47;0.85;145.11;359.21;0.84;188.55;351.33;0.83;155.82;349.31;0.82;182.69;401.23;0.75;169.76;400.22;0.73;183.7;421.64;0.75;150.56;421.24;0.84;185.52;452.15;0.8;167.74;439.22;0.8;47.84;47.57;179.42;93.91;170.42;129.71;86.74;102.7;68.29;82.42;
8;0;177.15;349.82;0.74;181.01;348.2;0.71;175.93;347.38;0.65;184.68;352.27;0.67;171.65;351.05;0.59;186.91;363.66;0.79;164.33;359.59;0.79;195.87;362.64;0.85;145.4;356.54;0.87;187.93;349.82;0.81;156.19;347.18;0.83;182.44;401.92;0.77;169.41;400.9;0.75;184.07;422.06;0.77;148.46;420.23;0.85;185.29;452.99;0.82;162.09;442.21;0.84;64.72;50.12;177.64;100.87;168.71;125.67;103.16;106.18;2623.04;5429.85;
8;1;263.5;293.43;0.88;263.5;290.15;0.78;264.59;289.61;0.69;267.32;292.88;0.78;286.94;292.88;0.68;266.77;328.86;0.87;313.11;322.86;0.84;272.22;373.01;0.87;336.0;364.83;0.9;256.42;395.91;0.9;331.64;399.72;0.76;304.39;406.26;0.77;325.1;402.99;0.75;310.93;489.12;0.81;316.92;482.03;0.75;337.09;567.61;0.88;349.08;531.64;0.87;138.34;144.26;166.08;141.14;158.6;165.58;18.88;20.1;2414.67;5439.32;
9;0;176.63;350.72;0.73;180.73;349.49;0.68;175.4;348.88;0.62;184.22;352.37;0.6;171.5;350.72;0.56;186.68;363.85;0.8;164.53;359.34;0.81;195.29;360.57;0.86;145.66;354.42;0.89;187.5;348.47;0.83;156.94;345.19;0.86;181.96;401.58;0.8;169.04;400.56;0.78;184.01;423.12;0.79;146.69;420.25;0.86;185.45;453.88;0.84;156.33;444.65;0.82;78.07;53.91;177.23;109.82;167.43;125.13;117.98;110.87;42.3;63.32;
9;1;256.29;296.53;0.93;255.75;292.71;0.88;257.38;291.62;0.76;260.11;294.89;0.89;278.63;293.8;0.75;261.19;329.21;0.85;306.41;323.22;0.82;263.92;371.7;0.86;331.47;363.53;0.88;249.76;396.76;0.86;333.1;404.93;0.76;303.68;404.39;0.74;318.94;402.21;0.72;309.68;488.28;0.76;291.7;471.39;0.75;336.91;568.9;0.85;333.65;529.68;0.83;146.86;150.39;165.42;122.77;154.61;149.5;25.81;22.85;199.71;160.87;
10;0;175.92;349.16;0.76;179.12;348.42;0.67;175.43;347.44;0.66;184.03;352.11;0.57;171.25;351.37;0.52;187.23;363.91;0.83;164.86;358.99;0.83;195.09;359.73;0.88;145.93;352.36;0.91;186.24;346.21;0.84;158.47;342.77;0.87;182.07;402.25;0.83;168.79;401.02;0.82;184.28;423.64;0.84;145.93;419.95;0.89;186.24;454.61;0.89;150.36;447.23;0.89;84.77;56.73;177.73;120.41;166.43;124.28;125.65;114.67;76.79;85.0;
10;1;249.7;299.33;0.98;248.59;294.33;0.96;250.81;293.22;0.85;253.03;296.0;0.93;274.12;296.55;0.85;254.69;330.97;0.86;300.76;324.31;0.83;254.69;375.93;0.84;327.96;362.61;0.89;243.59;397.58;0.86;337.4;402.02;0.86;300.21;405.9;0.75;317.41;404.24;0.73;310.2;494.16;0.76;281.33;465.85;0.87;337.95;566.32;0.87;318.52;528.57;0.79;152.85;158.08;165.42;118.98;155.18;137.88;31.27;23.61;184.96;154.34;
11;0;175.01;349.82;0.79;178.83;348.55;0.76;174.37;347.7;0.73;184.15;352.37;0.57;170.12;349.18;0.55;187.33;363.84;0.84;164.81;358.96;0.81;194.77;358.53;0.88;146.97;351.95;0.88;186.06;344.51;0.83;158.65;341.96;0.84;181.38;402.51;0.85;168.64;401.45;0.8;184.57;425.88;0.82;145.05;421.63;0.88;187.12;454.99;0.85;145.69;449.04;0.86;93.69;61.96;177.24;129.23;163.49;125.42;134.28;116.59;50.93;24.72;
11;1;244.38;301.01;0.9;243.85;297.83;0.9;246.5;296.77;0.72;247.56;299.42;0.92;269.84;298.89;0.86;248.09;333.9;0.85;295.3;327.53;0.83;247.56;380.04;0.84;326.06;363.07;0.89;236.42;399.14;0.83;338.79;401.26;0.87;294.77;405.5;0.77;310.15;402.32;0.76;308.56;491.44;0.76;274.08;462.26;0.87;337.73;566.76;0.85;301.66;526.44;0.8;150.4;157.55;167.95;125.71;156.02;137.73;33.76;29.65;218.22;47.24;
12;0;174.92;350.07;0.79;178.59;348.99;0.78;174.49;347.91;0.75;184.41;352.22;0.6;170.18;349.42;0.58;187.43;363.65;0.85;165.22;359.12;0.8;194.54;358.05;0.88;147.54;350.5;0.87;186.35;343.17;0.84;159.4;340.37;0.84;181.17;402.89;0.85;168.24;401.6;0.81;185.05;426.82;0.83;144.95;422.51;0.88;188.5;455.93;0.86;143.44;450.54;0.87;99.39;66.52;177.55;135.01;161.74;127.86;137.29;120.07;40.76;52.33;
12;1;238.79;303.91;0.89;238.79;300.23;0.86;243.52;299.7;0.66;240.37;301.81;0.89;265.59;301.28;0.85;241.95;335.95;0.86;290.8;329.65;0.83;238.79;383.23;0.87;323.37;362.75;0.89;228.81;401.1;0.84;339.66;400.05;0.88;289.75;407.93;0.76;306.56;404.77;0.77;307.09;492.51;0.77;267.16;458.88;0.88;338.61;565.0;0.86;286.08;526.13;0.83;154.62;159.05;168.08;128.23;157.99;132.09;37.41;32.69;233.55;44.41;
13;0;175.48;350.35;0.79;179.4;348.39;0.69;174.64;348.11;0.69;184.17;352.31;0.62;170.15;352.03;0.52;187.53;364.37;0.88;165.39;360.16;0.85;193.98;357.08;0.89;148.85;349.79;0.92;185.29;341.94;0.86;160.34;339.14;0.89;181.36;403.05;0.87;168.19;401.93;0.85;185.85;427.15;0.91;145.2;422.95;0.91;189.49;455.74;0.97;142.68;451.26;0.95;108.64;74.92;176.72;137.54;160.4;128.61;147.56;125.93;48.23;45.98;
13;1;234.24;303.95;0.85;233.69;298.96;0.82;238.67;300.62;0.66;235.35;305.05;0.89;260.27;303.95;0.86;234.24;338.84;0.89;284.64;329.98;0.85;230.92;385.36;0.88;319.53;361.55;0.91;221.5;400.87;0.87;337.81;397.55;0.92;282.98;410.84;0.78;300.7;406.41;0.79;304.02;491.7;0.82;260.83;456.81;0.89;339.47;565.36;0.89;273.01;527.14;0.86;152.82;159.05;168.89;131.82;160.49;129.78;38.18;35.99;217.52;92.52;
14;0;175.3;351.17;0.77;179.77;349.59;0.69;174.77;349.33;0.66;184.51;353.81;0.56;170.03;350.91;0.46;187.41;364.87;0.87;165.03;360.13;0.84;193.2;355.12;0.87;149.49;348.01;0.91;184.25;341.69;0.87;162.13;336.69;0.88;180.83;403.32;0.88;167.92;402.53;0.84;186.88;429.13;0.92;145.27;424.65;0.9;191.36;456.25;0.91;143.96;452.04;0.96;115.57;79.8;176.16;137.08;157.08;130.42;158.98;131.85;31.68;90.24;
14;1;225.83;306.56;0.83;226.36;303.4;0.8;241.12;304.45;0.66;230.05;305.5;0.88;254.83;306.03;0.84;227.41;339.78;0.89;280.67;332.39;0.85;224.78;382.48;0.92;314.41;358.76;0.92;215.29;404.1;0.91;335.5;397.25;0.91;276.45;410.43;0.8;293.85;406.74;0.78;300.18;490.04;0.81;254.3;455.77;0.88;338.67;563.33;0.88;260.63;528.01;0.88;159.83;156.72;168.89;136.11;161.83;131.06;38.29;41.95;208.3;69.18;
15;0;175.82;349.98;0.78;180.38;347.96;0.73;175.57;347.7;0.7;184.43;354.04;0.57;171.26;352.01;0.48;187.22;365.43;0.86;165.69;360.37;0.83;191.78;355.3;0.83;151.0;347.45;0.88;183.93;340.36;0.84;162.65;334.78;0.85;180.63;404.7;0.85;167.46;403.43;0.82;187.98;430.03;0.89;145.42;426.23;0.89;193.55;457.13;0.88;145.93;453.33;0.91;128.05;88.71;175.45;134.9;154.31;133.61;165.29;133.68;40.89;58.72;
15;1;224.43;305.76;0.76;222.87;303.68;0.72;242.64;305.24;0.64;225.47;306.8;0.74;249.41;307.84;0.71;220.79;341.14;0.89;275.42;333.85;0.86;218.71;383.28;0.88;310.79;358.83;0.9;212.47;404.61;0.81;331.6;396.8;0.9;269.69;410.85;0.8;288.94;407.21;0.77;293.63;490.44;0.8;248.37;456.63;0.86;336.8;560.68;0.88;252.01;529.46;0.89;166.51;153.94;165.15;137.75;161.68;130.16;37.88;44.33;85.16;116.71;
16;0;175.69;351.71;0.77;179.47;350.05;0.75;175.46;350.05;0.71;184.19;355.48;0.61;171.45;352.65;0.48;186.79;366.34;0.85;166.02;361.62;0.83;190.8;354.77;0.82;151.62;347.69;0.87;183.01;337.31;0.83;162.24;332.82;0.85;179.71;405.75;0.84;166.96;404.81;0.81;188.67;429.59;0.85;145.25;428.41;0.9;194.81;457.2;0.88;148.08;454.6;0.9;136.83;98.51;171.91;131.22;149.2;136.13;171.05;135.3;94.63;59.5;
16;1;221.9;308.11;0.76;219.32;305.01;0.68;237.4;307.08;0.62;219.84;308.11;0.69;243.09;309.66;0.68;215.7;341.69;0.89;268.4;335.49;0.86;210.53;384.58;0.87;303.54;358.23;0.91;205.37;409.38;0.87;324.72;395.95;0.91;263.24;412.48;0.8;282.35;408.86;0.77;284.42;493.08;0.78;244.12;458.98;0.86;331.44;555.6;0.87;245.67;531.83;0.91;175.1;152.23;157.78;141.44;160.84;131.89;40.75;46.33;254.43;206.21;
17;0;176.86;351.5;0.74;179.43;350.64;0.75;176.29;350.64;0.76;183.7;353.78;0.71;173.15;352.35;0.61;187.7;366.33;0.81;166.02;362.05;0.82;190.84;354.35;0.79;151.47;348.93;0.89;183.13;337.52;0.8;160.89;333.24;0.85;179.71;404.83;0.82;166.59;403.98;0.83;190.55;431.07;0.83;146.63;430.5;0.92;199.68;458.45;0.92;152.33;457.31;0.93;140.73;101.09;175.99;131.02;145.84;142.25;177.04;132.83;7.28;42.15;
17;1;214.67;312.45;0.8;214.15;309.85;0.71;218.83;310.89;0.57;213.63;312.97;0.76;232.35;314.01;0.74;205.83;345.73;0.87;259.39;342.09;0.86;200.63;385.77;0.89;290.07;364.97;0.9;196.47;413.33;0.9;308.27;401.37;0.91;250.03;416.45;0.79;268.23;414.89;0.78;256.27;493.41;0.8;237.55;472.61;0.83;308.27;544.89;0.87;244.31;541.77;0.88;178.82;153.28;139.35;146.43;152.63;145.08;39.4;46.36;289.58;515.23;
18;0;215.62;315.6;0.73;212.56;313.15;0.66;222.37;313.15;0.54;211.33;320.5;0.73;227.27;318.66;0.75;200.92;352.37;0.87;254.23;346.24;0.87;196.63;389.14;0.88;284.26;373.82;0.93;192.34;414.88;0.91;298.36;409.36;0.92;242.59;421.62;0.82;260.97;420.4;0.8;241.36;500.06;0.85;241.98;490.26;0.8;294.68;538.67;0.9;246.88;549.7;0.92;177.19;154.19;125.01;160.07;148.07;159.59;37.69;42.24;2316.69;4672.91;
18;1;176.37;349.4;0.78;179.48;348.15;0.75;175.12;348.46;0.76;183.22;350.95;0.68;171.7;350.02;0.57;187.27;364.96;0.82;166.4;361.54;0.84;191.63;353.44;0.7;151.15;350.02;0.89;183.53;339.43;0.72;159.56;336.01;0.84;179.48;403.26;0.79;166.09;402.33;0.82;190.07;430.66;0.84;148.35;430.35;0.9;202.52;460.86;0.94;154.88;458.68;0.94;129.26;96.09;178.71;134.66;147.39;148.09;170.76;126.62;2231.0;4830.65;
19;0;214.33;320.88;0.8;212.59;318.56;0.67;214.33;317.4;0.59;206.21;325.51;0.69;224.18;324.35;0.66;198.67;354.5;0.85;251.43;352.76;0.84;188.24;388.71;0.74;276.94;382.91;0.92;187.08;423.5;0.68;287.38;420.6;0.9;234.04;424.08;0.77;253.75;421.76;0.78;226.5;498.87;0.82;241.58;491.33;0.8;280.42;536.56;0.89;248.53;551.63;0.86;164.94;155.24;119.2;163.49;147.3;168.15;43.91;38.31;300.26;467.08;
19;1;173.49;350.15;0.73;175.3;347.44;0.7;173.79;348.34;0.7;179.52;346.53;0.66;172.58;347.74;0.58;187.67;361.62;0.75;168.36;358.91;0.81;197.33;376.71;0.52;151.46;349.25;0.88;187.37;345.93;0.44;160.21;337.48;0.78;181.33;400.25;0.73;167.15;399.35;0.76;192.2;431.34;0.83;152.66;429.83;0.86;206.69;461.82;0.84;158.4;459.71;0.89;14.69;83.11;173.85;143.72;151.42;156.29;41.94;118.04;224.46;47.9;
20;0;212.99;324.61;0.82;214.68;322.36;0.61;212.99;322.36;0.62;203.4;328.56;0.71;220.33;328.0;0.76;193.81;359.6;0.88;245.72;357.9;0.85;189.29;398.53;0.84;269.98;391.76;0.91;187.6;426.74;0.84;276.75;430.13;0.89;231.61;425.61;0.78;250.8;423.92;0.81;212.99;494.45;0.84;238.38;492.19;0.8;262.64;536.2;0.85;251.36;554.26;0.82;176.82;154.38;114.92;157.89;135.07;165.3;36.41;31.23;97.66;424.48;
20;1;175.24;346.45;0.74;175.79;344.22;0.75;174.12;344.78;0.78;179.42;345.06;0.67;172.44;345.61;0.61;188.92;357.9;0.76;169.37;355.39;0.81;197.3;350.92;0.57;150.1;348.41;0.84;186.13;343.1;0.59;158.48;336.96;0.81;181.94;395.61;0.73;168.81;394.77;0.75;191.44;427.45;0.78;157.64;428.01;0.83;207.64;457.9;0.73;161.55;459.85;0.86;74.8;73.72;168.59;154.42;152.9;162.23;140.3;109.1;91.89;53.78;
21;0;206.16;328.58;0.79;198.01;326.77;0.63;203.89;325.86;0.65;198.92;331.75;0.69;219.73;332.2;0.67;189.86;362.52;0.79;241.45;362.07;0.78;186.24;408.68;0.76;258.65;399.18;0.77;193.48;435.38;0.59;261.82;434.02;0.67;229.24;424.97;0.73;250.05;424.07;0.75;202.99;489.69;0.77;232.86;492.4;0.7;249.15;539.01;0.73;255.48;549.42;0.71;160.34;160.33;114.82;144.23;125.69;157.98;36.71;16.97;310.85;458.88;
21;1;180.4;339.84;0.66;181.99;337.18;0.65;178.8;337.71;0.7;185.72;339.04;0.66;178.27;339.58;0.6;192.63;352.61;0.7;172.15;351.54;0.73;197.42;342.5;0.6;155.4;344.36;0.77;186.51;330.8;0.69;160.45;329.73;0.76;184.12;391.97;0.68;170.56;390.91;0.74;191.04;425.75;0.73;162.05;426.81;0.81;205.67;455.81;0.69;163.91;459.8;0.84;111.68;94.14;165.62;163.43;156.23;168.99;166.85;110.88;366.02;222.61;
22;0;194.85;333.52;0.64;192.65;331.32;0.58;195.29;329.13;0.5;197.05;333.96;0.76;217.68;334.83;0.75;186.95;363.81;0.78;236.13;363.81;0.74;184.75;404.65;0.74;250.18;400.7;0.7;180.36;426.17;0.71;231.3;419.58;0.49;223.83;426.17;0.71;245.79;425.29;0.73;194.41;485.88;0.8;232.61;493.35;0.71;229.54;541.21;0.8;260.28;550.87;0.82;171.54;114.15;121.36;143.36;123.17;160.12;33.68;11.92;476.87;1004.21;
22;1;185.26;342.96;0.62;188.37;341.51;0.6;182.15;341.71;0.58;191.48;342.54;0.63;178.83;342.75;0.52;195.83;351.67;0.61;175.52;350.84;0.63;191.89;330.93;0.63;162.46;335.91;0.69;185.26;313.93;0.65;164.74;315.59;0.69;188.78;391.68;0.57;173.86;389.19;0.64;194.59;424.02;0.62;167.43;424.43;0.68;201.64;437.29;0.51;167.85;437.29;0.32;169.44;132.41;162.2;167.82;159.83;172.14;159.25;136.34;502.88;439.43;
23;0;198.65;334.9;0.64;202.08;333.61;0.48;194.35;331.46;0.46;195.64;335.76;0.62;213.26;336.62;0.6;184.46;364.99;0.78;231.75;364.99;0.75;178.01;411.42;0.74;244.21;400.67;0.65;171.13;452.69;0.67;227.45;425.18;0.42;218.42;428.19;0.68;242.49;426.9;0.7;186.61;483.21;0.81;235.62;498.69;0.74;214.12;543.83;0.8;265.71;553.71;0.83;178.44;126.36;125.55;145.85;121.71;164.68;36.16;9.41;835.12;201.95;
24;0;196.02;334.5;0.65;194.69;332.73;0.45;190.7;331.4;0.49;192.92;335.39;0.6;208.87;335.39;0.61;183.17;365.09;0.78;226.6;364.2;0.74;175.63;411.63;0.71;228.82;397.89;0.6;176.07;455.51;0.48;199.57;408.97;0.49;212.86;428.47;0.67;237.68;428.03;0.64;180.06;478.11;0.8;237.68;498.06;0.67;198.24;541.5;0.8;270.93;552.58;0.8;170.22;106.98;130.55;148.63;121.44;170.15;34.3;6.08;169.19;959.07;
25;0;189.58;333.48;0.66;186.43;332.13;0.54;181.49;329.89;0.52;189.13;335.28;0.61;207.54;334.38;0.61;179.7;364.47;0.85;223.26;362.67;0.8;170.71;409.82;0.79;218.32;395.9;0.63;179.7;410.27;0.57;190.02;405.33;0.56;207.99;427.79;0.72;234.48;426.44;0.69;175.2;474.04;0.84;244.81;498.74;0.72;184.64;541.41;0.81;276.7;553.08;0.84;81.66;116.89;136.7;157.73;120.6;178.15;35.28;18.44;1349.48;303.63;
26;0;189.55;331.06;0.63;182.85;329.72;0.52;193.12;327.49;0.49;184.64;333.74;0.67;203.84;333.29;0.67;176.15;363.21;0.89;220.37;360.53;0.87;168.11;406.09;0.85;217.24;391.8;0.68;177.94;398.49;0.61;194.02;398.94;0.6;201.16;427.52;0.75;231.08;425.74;0.72;171.69;473.52;0.86;248.5;494.07;0.75;173.47;537.83;0.86;281.1;549.44;0.88;41.69;112.81;145.76;163.81;126.1;175.03;31.87;15.05;354.15;224.12;
27;0;192.22;333.4;0.61;184.99;332.94;0.5;202.61;331.59;0.48;184.54;335.66;0.76;202.61;335.66;0.76;173.69;362.32;0.88;217.08;360.51;0.85;164.65;403.9;0.85;213.01;390.34;0.66;174.6;396.21;0.65;186.8;397.12;0.62;199.9;425.59;0.75;227.92;423.33;0.71;170.08;472.14;0.83;250.97;490.21;0.76;164.65;535.41;0.88;283.96;545.35;0.87;40.04;112.27;152.25;168.12;124.85;170.78;34.77;17.56;120.37;221.43;
28;0;188.74;333.93;0.64;181.65;332.16;0.41;201.58;333.04;0.47;180.77;337.47;0.72;201.14;337.91;0.74;171.91;362.71;0.89;214.42;360.94;0.86;163.06;400.8;0.84;211.77;388.84;0.66;167.04;405.67;0.75;186.08;398.58;0.61;199.37;427.36;0.76;226.82;425.59;0.74;169.7;475.19;0.85;252.51;488.03;0.8;159.96;534.08;0.9;284.39;539.4;0.89;127.62;116.21;157.58;170.53;125.18;168.5;36.1;16.3;359.85;48.46;
29;0;190.04;336.68;0.72;183.58;332.81;0.45;201.23;334.53;0.56;177.12;339.7;0.65;197.79;339.27;0.69;169.37;366.39;0.89;210.7;361.22;0.79;163.34;406.0;0.83;223.62;386.62;0.56;168.08;407.72;0.69;216.73;404.71;0.44;200.37;428.81;0.76;225.77;427.09;0.75;169.8;478.32;0.85;248.59;487.37;0.82;160.33;536.88;0.88;285.18;534.29;0.87;101.33;132.19;157.5;162.79;121.9;172.15;35.06;14.07;68.41;929.38;
30;0;190.68;344.02;0.6;174.23;343.2;0.43;198.07;341.15;0.52;175.88;344.43;0.6;195.61;344.84;0.64;169.3;370.74;0.8;207.94;364.99;0.74;164.78;408.15;0.76;216.57;393.76;0.52;169.71;412.67;0.68;194.79;401.98;0.47;202.6;431.57;0.68;226.85;429.93;0.68;171.77;480.9;0.78;241.23;491.18;0.74;166.84;541.73;0.81;282.75;529.81;0.8;125.62;93.98;152.63;146.16;119.3;176.99;35.58;0.47;154.94;657.54;
31;0;188.97;347.97;0.48;180.06;345.65;0.43;200.21;345.65;0.44;178.51;347.59;0.6;196.72;348.75;0.58;170.76;376.26;0.71;210.28;368.9;0.67;166.12;411.9;0.68;222.68;392.92;0.44;175.03;422.75;0.63;199.05;408.41;0.38;202.92;438.25;0.58;226.94;436.31;0.6;175.41;485.13;0.67;236.24;497.14;0.65;176.58;548.28;0.71;278.08;525.42;0.67;133.17;95.95;148.54;132.75;122.18;174.81;34.85;13.42;338.9;229.48;
31;1;238.13;362.21;0.63;241.54;361.96;0.62;238.86;360.26;0.56;247.63;365.86;0.7;249.1;363.43;0.42;243.98;377.81;0.63;233.5;375.61;0.59;240.08;359.28;0.59;216.92;360.5;0.59;236.66;344.65;0.62;215.21;344.41;0.52;235.93;417.54;0.51;239.59;417.54;0.48;236.66;446.31;0.29;241.3;451.92;0.51;222.04;478.73;0.36;246.42;477.76;0.57;178.75;138.41;154.26;171.64;167.1;174.57;156.67;140.63;1780.82;1728.46;
32;0;188.29;353.37;0.55;184.89;350.73;0.47;197.74;351.48;0.45;179.98;355.26;0.62;197.36;355.26;0.64;173.55;383.23;0.69;210.21;374.92;0.71;172.79;422.91;0.72;215.12;407.8;0.52;184.89;438.03;0.57;190.56;423.29;0.38;205.68;445.21;0.6;227.22;443.32;0.62;180.35;490.57;0.69;230.62;504.55;0.72;186.78;551.41;0.73;271.06;521.56;0.74;140.25;113.74;144.8;115.99;123.43;169.22;28.49;5.46;540.91;509.41;
32;1;245.16;366.85;0.71;249.36;365.91;0.71;245.62;364.98;0.71;256.37;370.35;0.8;245.39;369.65;0.48;254.73;382.73;0.71;240.48;379.46;0.7;249.83;366.38;0.68;223.9;371.52;0.67;246.32;353.54;0.71;226.94;356.34;0.68;249.59;423.6;0.64;239.32;422.66;0.64;249.83;454.66;0.65;230.91;453.26;0.5;259.63;483.62;0.69;237.45;481.75;0.52;178.56;104.28;161.72;151.71;172.4;166.18;156.14;114.04;390.21;497.45;
33;0;188.81;359.78;0.8;188.07;357.2;0.58;194.33;356.1;0.56;182.55;361.62;0.69;200.95;362.35;0.72;177.03;391.06;0.82;212.73;381.86;0.79;178.5;430.07;0.78;216.78;413.51;0.63;189.91;453.99;0.57;197.64;430.07;0.49;210.15;451.41;0.67;230.39;449.57;0.69;186.97;496.67;0.79;225.61;509.92;0.82;197.64;551.87;0.83;262.04;520.23;0.84;156.66;123.58;141.94;101.26;124.12;160.85;26.6;7.33;497.4;291.43;
33;1;255.18;373.37;0.74;259.47;370.88;0.77;256.08;370.88;0.75;266.48;374.27;0.75;254.27;373.59;0.42;264.9;388.29;0.74;250.65;386.25;0.77;260.83;372.69;0.69;235.73;377.43;0.75;257.66;362.74;0.72;238.22;362.96;0.7;261.51;428.08;0.72;251.56;426.72;0.72;259.02;459.28;0.77;239.58;455.44;0.69;271.91;485.96;0.78;246.36;485.06;0.73;176.97;110.83;149.66;144.45;179.69;156.07;160.51;121.86;434.29;389.02;
34;0;195.08;363.94;0.83;191.4;363.21;0.54;194.72;361.36;0.58;185.87;369.1;0.69;205.4;366.89;0.68;182.55;396.01;0.84;218.67;387.53;0.81;182.55;438.02;0.8;224.94;417.01;0.66;189.92;462.71;0.69;210.2;438.76;0.46;214.25;452.39;0.69;234.89;451.66;0.72;194.72;498.46;0.77;221.62;509.52;0.79;210.56;552.27;0.83;252.58;522.05;0.85;163.38;133.87;140.61;99.12;127.68;152.89;29.34;2.19;259.56;454.1;
34;1;267.26;377.86;0.75;270.73;375.48;0.77;267.69;374.83;0.74;278.1;379.16;0.76;266.17;378.08;0.35;275.72;393.26;0.72;262.7;390.87;0.73;272.25;380.9;0.59;246.22;384.37;0.73;269.86;371.58;0.61;249.69;371.14;0.7;273.11;430.56;0.69;263.57;428.82;0.69;268.99;462.0;0.74;251.21;457.23;0.75;284.17;489.32;0.78;259.67;488.67;0.78;178.67;96.84;143.48;141.43;176.53;155.18;160.33;112.85;447.88;418.98;
35;0;199.61;370.19;0.82;196.7;367.65;0.64;201.07;367.65;0.6;193.07;372.01;0.72;210.52;372.01;0.68;186.52;399.27;0.81;225.06;392.73;0.76;184.71;439.63;0.79;239.6;424.72;0.72;187.25;469.8;0.79;230.15;447.26;0.54;220.7;452.35;0.7;238.15;452.35;0.74;203.97;504.34;0.78;223.24;503.25;0.7;222.88;555.24;0.83;246.15;527.25;0.84;172.6;132.81;141.79;120.01;129.39;151.3;35.35;12.06;225.36;645.07;
35;1;278.85;381.56;0.75;282.4;379.89;0.81;279.06;379.06;0.78;289.7;384.9;0.69;272.39;383.65;0.3;288.45;398.25;0.75;274.26;394.49;0.73;282.19;392.62;0.67;258.62;390.32;0.73;281.36;380.73;0.67;259.66;379.48;0.71;284.07;433.5;0.69;274.26;431.42;0.69;279.48;465.21;0.71;264.46;461.87;0.72;295.96;491.91;0.76;272.39;491.91;0.77;136.0;99.44;140.08;147.37;178.85;162.16;124.9;104.93;437.0;386.45;
36;0;204.51;372.4;0.84;203.79;370.21;0.7;210.71;370.21;0.66;199.78;375.67;0.71;218.36;375.31;0.64;192.13;401.54;0.8;232.2;396.07;0.77;185.94;440.88;0.82;254.42;426.31;0.8;183.02;475.85;0.85;261.34;450.35;0.75;227.46;453.99;0.72;243.86;454.36;0.73;211.44;509.37;0.79;228.19;502.81;0.7;236.21;557.81;0.82;242.76;535.96;0.82;175.82;159.75;136.78;138.36;129.89;150.77;42.91;25.0;219.42;932.11;
36;1;292.16;381.66;0.77;295.59;380.38;0.82;292.16;378.88;0.8;302.43;385.94;0.69;285.74;384.66;0.29;300.29;401.35;0.72;286.38;397.5;0.71;294.52;399.64;0.59;271.4;395.57;0.63;289.81;385.09;0.53;268.62;389.79;0.68;296.01;435.81;0.71;286.81;433.88;0.7;290.45;467.26;0.74;277.18;464.7;0.72;308.43;494.01;0.77;285.74;494.66;0.77;124.43;123.04;136.07;146.7;177.05;161.97;99.42;98.0;282.78;406.35;
37;0;304.75;384.18;0.77;308.0;382.67;0.81;304.32;381.59;0.78;314.71;387.21;0.63;297.82;386.56;0.32;312.98;404.1;0.72;299.34;399.77;0.71;307.13;404.31;0.57;281.8;399.99;0.64;297.82;388.08;0.47;279.64;393.27;0.66;308.21;438.52;0.72;298.91;436.57;0.71;301.94;468.82;0.73;289.81;469.04;0.72;320.12;495.66;0.76;298.69;497.18;0.77;117.71;107.17;134.18;146.85;176.17;165.03;80.0;88.62;4297.4;1782.41;
37;1;215.94;373.3;0.88;215.57;371.11;0.67;219.97;371.47;0.68;206.79;376.6;0.73;225.82;376.96;0.68;198.38;404.04;0.83;240.82;398.19;0.82;187.03;439.9;0.85;267.9;424.53;0.82;178.62;471.74;0.86;282.17;442.46;0.79;230.94;458.2;0.74;248.14;457.47;0.77;220.7;513.45;0.77;230.21;505.4;0.72;247.41;558.09;0.76;236.43;548.58;0.71;177.25;172.73;138.6;151.29;138.47;152.45;48.57;38.75;4192.05;1617.24;
38;0;225.15;376.0;0.86;222.4;373.71;0.73;229.27;374.16;0.72;215.53;378.29;0.75;233.4;377.83;0.79;205.0;402.56;0.88;247.59;398.9;0.88;188.97;433.7;0.89;279.19;420.88;0.85;174.32;464.39;0.93;303.01;437.37;0.84;233.4;462.1;0.79;251.71;459.35;0.83;230.19;515.68;0.81;229.73;495.53;0.71;258.58;556.9;0.85;232.94;539.04;0.77;178.29;179.87;142.01;144.5;151.08;144.82;52.73;51.28;4317.28;1483.94;
38;1;318.84;386.89;0.8;322.1;385.03;0.8;317.91;384.1;0.78;326.76;389.22;0.59;310.93;387.13;0.38;325.83;408.54;0.74;310.0;401.09;0.72;319.54;424.13;0.5;293.24;403.89;0.68;306.74;397.14;0.39;293.01;395.27;0.59;320.71;440.89;0.73;310.23;439.26;0.71;314.19;471.38;0.73;304.18;471.62;0.74;331.41;497.92;0.77;311.86;500.24;0.75;47.32;82.09;134.95;154.39;176.93;169.06;12.95;80.89;4408.93;1439.83;
39;0;231.3;378.46;0.97;229.41;376.57;0.79;232.71;376.1;0.73;221.89;378.93;0.65;238.82;379.87;0.7;210.14;402.43;0.89;252.45;398.67;0.89;193.68;426.41;0.89;282.54;412.31;0.89;175.81;443.81;0.9;309.34;420.77;0.92;236.0;461.21;0.84;253.39;459.8;0.88;235.53;514.33;0.82;232.71;497.88;0.77;263.74;551.48;0.87;229.88;538.78;0.85;168.7;173.15;142.28;155.43;155.74;150.61;58.21;64.74;613.56;528.23;
39;1;329.63;390.11;0.87;333.08;387.52;0.86;328.49;386.95;0.86;338.53;391.54;0.66;324.18;389.25;0.47;338.24;409.91;0.81;320.45;403.31;0.79;329.63;425.98;0.63;303.23;408.47;0.75;316.15;423.39;0.54;305.24;401.01;0.59;332.5;442.62;0.79;321.89;441.19;0.78;325.9;473.33;0.81;317.01;473.04;0.79;341.69;499.73;0.83;323.9;502.02;0.79;107.34;58.23;137.0;157.93;177.82;169.12;18.23;75.47;829.45;401.83;
40;0;236.53;381.87;0.92;234.11;379.94;0.73;237.97;378.97;0.65;227.83;381.87;0.64;245.22;383.32;0.59;215.76;401.67;0.88;256.81;399.25;0.88;199.83;416.15;0.91;286.26;405.05;0.89;182.93;424.84;0.95;314.27;407.94;0.84;237.49;462.51;0.83;256.81;462.02;0.85;235.56;514.65;0.81;237.01;503.55;0.73;263.08;543.14;0.84;228.32;535.42;0.84;164.94;174.78;133.87;169.77;158.23;154.51;67.38;78.87;602.36;408.56;
40;1;340.61;390.9;0.85;343.51;389.17;0.88;339.45;388.59;0.84;347.86;393.22;0.64;335.69;391.77;0.44;348.15;410.32;0.79;332.21;405.1;0.75;340.32;423.06;0.58;314.83;412.92;0.58;322.94;408.58;0.62;317.15;405.39;0.49;343.22;444.79;0.79;333.37;443.05;0.79;337.43;474.93;0.82;328.15;474.93;0.81;351.62;503.32;0.82;335.4;504.77;0.81;81.73;48.67;142.55;157.06;177.24;168.96;23.4;67.52;484.72;377.14;
41;0;240.49;386.24;0.67;236.05;382.69;0.47;247.15;383.58;0.57;230.29;387.57;0.6;248.48;388.02;0.68;222.3;403.55;0.84;260.02;402.22;0.85;211.2;407.1;0.86;291.52;401.33;0.84;197.89;408.87;0.8;319.04;398.67;0.86;241.82;464.78;0.82;260.46;464.34;0.82;233.39;517.15;0.82;240.94;505.61;0.67;260.46;538.89;0.79;229.4;536.23;0.7;169.85;176.09;119.63;175.33;153.17;154.27;89.94;91.2;650.83;310.23;
41;1;349.81;391.94;0.89;353.72;389.53;0.89;348.9;389.23;0.86;359.44;393.75;0.61;344.69;391.64;0.37;359.74;412.1;0.83;341.98;406.99;0.81;354.92;424.14;0.71;325.13;417.52;0.82;338.07;408.49;0.71;324.83;400.37;0.65;353.72;445.5;0.83;343.79;444.3;0.82;348.6;478.0;0.85;339.58;478.0;0.84;361.24;505.98;0.85;346.2;507.48;0.84;68.92;59.0;146.75;160.22;178.73;170.1;11.59;60.76;450.01;273.11;
42;0;240.8;394.93;0.69;233.74;392.44;0.54;249.53;391.19;0.56;232.49;394.93;0.77;251.61;395.35;0.77;227.92;412.8;0.79;261.17;408.23;0.82;217.11;404.91;0.75;288.6;401.58;0.83;212.54;401.58;0.69;314.36;391.19;0.85;246.62;468.91;0.76;264.49;469.32;0.77;232.07;514.21;0.82;243.3;505.48;0.68;256.59;535.82;0.82;231.66;538.73;0.7;179.87;171.67;113.59;168.91;143.76;146.51;144.59;100.51;486.58;262.14;
42;1;360.23;393.64;0.85;364.08;391.27;0.87;359.64;390.68;0.82;369.4;395.41;0.69;357.28;393.34;0.43;369.99;412.85;0.85;351.07;409.3;0.82;366.44;429.99;0.75;336.59;423.19;0.73;351.96;416.69;0.7;340.43;412.55;0.59;364.08;447.42;0.82;353.14;445.94;0.8;359.05;480.52;0.86;350.19;479.93;0.87;370.58;509.77;0.84;356.69;509.48;0.84;59.13;26.34;149.87;162.62;178.93;171.8;1.99;49.42;479.58;588.7;
43;0;248.63;401.03;0.63;239.27;398.59;0.52;251.48;397.78;0.54;236.82;402.66;0.7;253.93;402.66;0.76;230.72;420.99;0.77;262.07;416.51;0.76;229.09;409.59;0.66;284.88;404.29;0.7;229.09;397.78;0.55;304.42;390.04;0.75;249.86;473.93;0.74;268.99;474.33;0.77;230.31;506.91;0.79;247.41;510.17;0.75;252.71;536.23;0.83;233.57;547.23;0.69;171.87;172.08;111.97;169.43;129.47;142.11;168.25;111.35;504.89;297.58;
43;1;368.89;397.21;0.86;373.08;393.92;0.87;368.0;393.62;0.85;378.16;397.51;0.68;365.6;395.71;0.45;379.06;415.15;0.86;360.82;411.56;0.83;377.27;431.59;0.81;347.66;427.71;0.76;363.51;419.93;0.76;347.96;419.03;0.73;373.08;448.64;0.8;361.72;447.14;0.79;368.59;483.02;0.85;359.62;482.72;0.85;379.06;512.02;0.83;365.31;512.02;0.83;55.93;37.2;152.73;165.66;177.31;175.19;3.9;40.62;356.81;295.47;
44;0;376.22;397.72;0.82;380.12;394.97;0.88;375.54;394.29;0.84;386.3;398.64;0.74;370.73;396.81;0.47;387.45;417.42;0.82;368.89;413.53;0.79;387.68;434.38;0.77;357.67;430.48;0.72;373.7;426.59;0.71;356.29;424.53;0.69;382.18;449.95;0.72;370.95;448.58;0.73;378.29;486.84;0.77;368.89;486.61;0.78;388.37;515.93;0.81;374.39;514.33;0.78;60.09;46.51;154.86;165.68;176.83;173.53;9.97;36.88;4385.07;1852.29;
44;1;251.01;407.67;0.49;243.54;404.87;0.4;251.01;405.18;0.45;240.42;410.78;0.41;256.61;409.54;0.46;230.77;426.35;0.61;229.52;426.98;0.61;284.33;415.14;0.53;284.64;416.08;0.48;302.07;398.02;0.58;302.39;398.64;0.51;269.07;478.66;0.61;273.12;478.35;0.62;229.21;501.39;0.61;252.57;504.2;0.6;245.72;540.63;0.7;244.78;539.38;0.69;147.84;146.69;96.88;153.98;83.49;101.19;65.61;60.87;1939.73;1484.87;
45;0;251.34;418.78;0.62;237.95;416.03;0.46;259.23;415.34;0.52;240.69;419.12;0.72;257.86;418.78;0.75;233.48;437.32;0.75;264.38;433.88;0.73;246.19;468.9;0.54;285.32;429.76;0.62;255.46;422.9;0.39;300.09;413.63;0.73;255.46;484.01;0.68;275.02;484.35;0.74;230.05;499.8;0.76;255.46;513.87;0.7;241.38;544.43;0.77;243.78;546.49;0.75;33.3;143.58;107.62;166.16;96.66;134.56;3.29;89.22;3518.11;1702.58;
45;1;384.44;398.65;0.81;388.25;396.26;0.85;383.48;395.31;0.82;394.45;400.08;0.76;379.91;398.17;0.5;395.88;418.68;0.8;376.57;415.34;0.78;398.51;437.04;0.78;368.22;432.75;0.69;383.01;431.8;0.71;363.93;430.84;0.77;389.92;450.16;0.68;378.47;449.44;0.69;387.3;488.32;0.76;377.28;488.32;0.76;396.36;517.65;0.78;382.77;516.22;0.76;63.17;91.65;158.9;167.12;173.21;175.04;18.85;28.82;2607.91;2065.48;
46;0;391.89;400.06;0.82;395.57;397.76;0.86;391.43;397.07;0.84;402.26;401.68;0.83;388.43;399.6;0.54;403.87;419.43;0.81;384.51;416.89;0.78;407.56;439.48;0.81;378.29;433.95;0.7;392.58;434.18;0.73;372.06;436.25;0.77;397.42;452.85;0.69;386.12;452.16;0.69;395.57;489.96;0.76;385.89;490.19;0.76;404.33;520.16;0.79;391.43;518.77;0.77;60.09;130.37;160.98;168.7;171.92;177.03;21.35;22.66;4091.44;2243.66;
46;1;249.79;422.58;0.64;246.22;421.05;0.4;258.95;421.3;0.42;243.68;423.6;0.83;259.97;423.85;0.77;235.02;439.38;0.71;267.61;436.84;0.71;232.73;441.93;0.61;285.69;444.48;0.59;254.88;439.64;0.42;303.51;439.13;0.58;254.12;485.47;0.62;276.27;484.96;0.69;231.96;504.31;0.69;258.44;514.5;0.67;235.02;545.06;0.76;251.31;549.89;0.76;42.11;140.39;126.09;160.28;107.88;138.69;64.49;56.9;3817.3;1813.33;
47;0;253.73;420.57;0.8;255.79;419.54;0.5;254.24;419.54;0.59;244.99;423.66;0.71;261.7;423.66;0.72;237.02;443.19;0.81;272.75;441.65;0.79;244.47;462.47;0.62;287.92;462.47;0.6;244.47;480.47;0.55;298.97;469.16;0.45;254.76;488.18;0.66;275.84;487.41;0.73;234.45;509.0;0.76;262.47;514.14;0.75;234.96;546.79;0.85;256.81;551.42;0.89;158.86;157.23;134.94;162.06;114.2;149.58;0.38;32.21;4614.34;2383.61;
47;1;399.21;401.64;0.81;402.68;399.32;0.85;398.52;398.63;0.83;409.39;402.79;0.78;395.74;400.94;0.48;411.47;420.6;0.81;391.35;418.75;0.79;415.86;441.18;0.83;386.95;435.4;0.71;399.44;436.32;0.76;378.63;441.41;0.79;404.53;455.29;0.7;393.2;454.59;0.7;402.91;491.83;0.76;393.2;492.06;0.77;411.47;521.89;0.8;398.52;520.74;0.78;61.47;140.62;161.58;169.49;171.23;177.05;23.36;17.74;4300.08;2234.74;
48;0;405.35;402.78;0.84;409.07;400.23;0.88;404.65;399.53;0.84;415.57;403.71;0.73;401.63;401.62;0.45;418.12;421.82;0.81;397.46;419.96;0.8;422.53;442.72;0.84;393.51;436.92;0.75;406.28;437.15;0.76;385.15;445.28;0.8;410.92;457.12;0.71;399.08;456.19;0.71;409.76;493.11;0.77;399.08;493.34;0.79;417.66;523.3;0.82;404.42;522.37;0.79;59.15;148.11;163.5;169.57;170.32;177.43;23.45;15.68;4981.14;2659.23;
48;1;256.76;418.02;0.92;256.76;416.96;0.59;258.35;416.43;0.65;247.76;420.13;0.52;264.71;420.13;0.5;237.97;444.49;0.87;278.47;442.9;0.79;237.7;473.08;0.8;286.42;473.08;0.78;234.53;502.21;0.8;297.54;499.29;0.82;256.5;487.91;0.69;277.94;487.91;0.73;238.23;515.18;0.8;266.3;515.71;0.79;241.14;550.92;0.89;263.12;552.24;0.94;174.3;171.75;141.52;162.23;123.07;157.94;23.64;15.42;5281.06;2962.78;
49;0;411.46;404.22;0.84;415.19;401.65;0.87;410.76;400.95;0.85;421.73;405.15;0.75;407.96;403.75;0.49;424.76;423.12;0.82;403.53;421.49;0.82;428.73;444.59;0.85;400.73;439.92;0.76;412.39;438.29;0.76;391.63;449.49;0.82;417.29;459.52;0.71;405.16;458.82;0.71;416.13;494.52;0.78;405.16;494.98;0.8;424.53;524.85;0.83;410.99;523.91;0.81;58.44;145.07;162.61;168.6;170.32;177.49;22.06;11.14;184.97;229.81;
49;1;260.64;414.8;0.92;261.74;413.16;0.64;260.92;412.88;0.68;252.16;416.71;0.58;268.3;416.99;0.63;241.22;440.51;0.84;281.43;440.51;0.83;233.83;469.51;0.83;282.53;467.6;0.75;226.17;490.85;0.82;281.16;493.59;0.56;255.99;485.38;0.7;276.51;485.93;0.75;241.49;512.47;0.76;269.4;516.57;0.79;245.87;550.22;0.91;268.03;551.86;0.91;174.54;174.67;145.22;169.15;133.61;173.12;32.52;8.5;419.17;515.66;
50;0;417.13;405.2;0.84;420.86;402.64;0.88;416.43;401.94;0.85;427.39;406.13;0.72;413.86;404.5;0.42;430.66;424.56;0.83;409.2;422.46;0.82;433.92;446.48;0.85;407.33;441.12;0.77;418.06;439.49;0.77;398.94;453.02;0.79;423.66;461.18;0.73;411.3;460.48;0.73;421.79;495.7;0.79;410.6;496.17;0.8;430.19;526.49;0.84;416.66;525.79;0.83;57.72;150.49;161.65;167.31;172.28;175.72;19.29;8.87;172.3;241.34;
50;1;263.48;409.77;0.85;265.15;408.66;0.69;262.92;408.66;0.67;255.39;412.56;0.76;271.57;411.73;0.77;245.34;433.76;0.79;282.17;431.25;0.81;235.3;449.67;0.77;281.33;446.32;0.64;242.28;437.11;0.65;269.89;435.16;0.55;256.5;479.79;0.72;277.42;480.35;0.74;244.79;512.71;0.77;272.96;517.17;0.81;252.04;550.65;0.85;272.12;552.88;0.85;3.22;48.89;149.58;174.43;146.78;178.61;45.9;2.34;1668.33;1769.57;
51;0;422.55;406.34;0.84;426.07;403.52;0.89;421.61;402.82;0.85;432.42;406.81;0.69;418.79;405.4;0.38;436.17;425.84;0.85;414.09;423.72;0.83;438.52;448.15;0.86;412.21;443.46;0.81;422.08;439.93;0.78;404.7;456.61;0.81;428.66;461.78;0.76;416.21;461.31;0.75;427.01;496.31;0.8;415.5;497.49;0.82;435.47;527.32;0.86;422.08;526.61;0.84;57.43;155.7;162.02;166.16;170.91;175.66;17.82;8.66;120.19;201.91;
51;1;264.0;404.5;0.73;259.88;403.03;0.55;267.53;402.73;0.54;255.76;405.09;0.74;273.41;403.91;0.74;249.88;422.44;0.74;281.93;421.85;0.81;236.94;421.55;0.71;270.47;423.61;0.54;239.3;401.56;0.64;259.59;417.73;0.5;259.29;472.72;0.71;277.52;472.72;0.74;248.12;513.3;0.77;276.64;515.06;0.8;256.94;551.52;0.8;276.64;552.11;0.82;87.19;142.86;151.61;178.81;154.01;176.24;104.5;76.3;1061.0;602.13;
52;0;427.31;406.96;0.86;430.83;403.91;0.92;426.61;403.44;0.87;436.69;407.43;0.48;423.09;491.14;0.26;440.91;426.42;0.88;418.87;424.31;0.85;442.32;449.17;0.87;416.53;444.95;0.84;425.91;441.9;0.8;409.96;461.13;0.81;433.41;462.3;0.8;420.28;462.06;0.8;431.77;497.0;0.82;420.04;498.41;0.84;439.98;528.42;0.88;426.38;527.95;0.86;62.57;164.4;162.65;167.54;170.89;177.5;15.35;8.62;127.96;206.27;
52;1;265.16;392.91;0.86;263.35;390.37;0.54;268.79;390.74;0.52;253.58;393.63;0.68;276.75;392.18;0.7;251.41;409.93;0.84;280.37;409.2;0.85;241.63;392.18;0.85;279.29;391.1;0.79;247.06;372.63;0.88;274.22;376.25;0.83;259.01;460.98;0.82;277.84;460.98;0.84;252.85;509.49;0.85;281.82;508.77;0.87;261.54;549.32;0.87;281.82;550.05;0.91;135.62;164.58;160.46;175.24;164.3;172.43;159.62;173.76;890.63;1307.93;
53;0;432.02;406.94;0.88;435.33;404.11;0.93;431.07;403.63;0.9;441.24;407.42;0.46;427.76;486.64;0.27;445.97;426.34;0.91;423.27;424.21;0.89;446.68;449.28;0.89;420.67;445.49;0.87;430.36;442.18;0.81;415.23;462.99;0.85;438.64;461.81;0.83;424.69;462.05;0.85;436.75;497.28;0.84;425.16;498.7;0.88;445.03;529.44;0.91;431.07;528.73;0.9;64.73;169.7;162.52;169.6;171.38;178.59;13.45;9.12;132.84;166.19;
53;1;266.39;382.7;0.8;264.87;377.38;0.46;270.95;378.14;0.54;254.24;387.26;0.44;278.16;378.9;0.62;251.58;397.13;0.86;280.44;395.61;0.84;243.22;372.44;0.86;286.52;372.06;0.85;248.16;353.45;0.88;280.82;351.94;0.88;259.55;448.4;0.82;277.02;448.78;0.8;258.41;502.71;0.84;285.38;501.95;0.85;261.07;546.0;0.85;288.42;547.14;0.87;146.73;149.73;175.28;174.92;169.96;167.39;170.14;169.21;571.24;749.35;
54;0;436.0;408.44;0.88;439.35;405.09;0.91;435.23;404.32;0.89;445.28;407.92;0.57;432.39;406.12;0.32;449.91;426.99;0.91;427.76;424.67;0.89;450.43;449.4;0.91;424.92;445.8;0.86;433.94;441.93;0.79;420.8;463.06;0.83;442.7;462.54;0.82;428.79;462.8;0.84;441.41;498.1;0.85;429.82;499.39;0.89;449.14;529.79;0.9;435.23;529.28;0.89;64.31;174.21;164.22;171.35;170.61;179.93;12.79;9.19;106.59;165.68;
54;1;270.15;372.56;0.61;266.48;368.89;0.35;275.19;370.72;0.45;254.55;370.26;0.61;281.62;368.89;0.73;251.8;383.57;0.88;282.99;382.65;0.85;245.84;359.71;0.88;293.08;359.71;0.88;247.67;342.28;0.9;286.2;341.82;0.87;258.68;435.4;0.87;276.11;434.48;0.85;259.6;487.69;0.84;287.58;486.78;0.82;262.35;530.35;0.88;293.54;529.9;0.88;159.95;135.21;177.31;175.5;173.44;160.07;173.53;163.81;332.58;340.67;
55;0;270.96;355.0;0.71;263.91;357.17;0.48;278.01;358.25;0.5;257.94;358.25;0.68;285.07;358.8;0.79;251.43;370.73;0.89;286.15;371.82;0.88;246.0;344.69;0.9;299.17;349.57;0.91;250.34;321.36;0.88;287.78;331.12;0.87;257.39;425.54;0.91;276.39;424.45;0.91;258.48;475.45;0.92;289.41;471.66;0.88;267.16;517.23;0.93;298.09;513.44;0.89;157.69;117.96;169.51;176.32;175.03;154.07;174.45;160.17;6531.96;5571.48;peak_hand_velocity
55;1;439.16;409.0;0.87;442.9;405.26;0.88;438.53;404.95;0.88;449.44;409.0;0.75;436.35;407.75;0.43;453.81;427.39;0.87;431.99;425.52;0.87;454.74;449.53;0.87;429.49;446.72;0.84;436.66;441.73;0.79;426.38;465.11;0.8;445.7;462.93;0.78;433.23;462.93;0.8;445.7;497.22;0.83;434.48;498.47;0.84;452.56;529.95;0.87;440.09;529.33;0.86;64.26;177.09;168.17;171.7;167.15;179.9;15.27;8.62;6350.78;5551.34;
56;0;267.8;350.36;0.78;260.03;347.62;0.51;275.56;348.53;0.55;258.66;352.19;0.71;282.42;351.73;0.71;253.63;362.7;0.9;286.08;363.61;0.84;246.78;337.11;0.86;302.98;343.51;0.85;249.06;311.52;0.9;294.76;325.23;0.79;259.57;418.91;0.86;277.39;417.54;0.86;255.92;461.86;0.89;287.45;456.84;0.84;273.28;493.39;0.85;302.07;489.74;0.82;159.9;115.71;146.29;170.39;169.1;156.5;171.04;149.09;295.03;271.65;
56;1;443.06;409.51;0.85;446.79;405.79;0.87;442.13;405.48;0.87;453.0;409.2;0.75;439.96;407.96;0.47;457.97;426.6;0.85;435.61;425.67;0.86;457.97;449.89;0.86;432.81;446.48;0.82;439.96;441.51;0.77;430.33;463.56;0.76;449.28;462.94;0.76;436.85;462.94;0.79;449.59;497.11;0.82;438.4;498.35;0.83;456.42;530.03;0.85;444.0;529.72;0.85;65.04;179.37;168.8;172.41;166.02;179.4;13.46;9.56;98.2;126.29;
57;0;269.07;342.58;0.7;259.16;340.43;0.48;277.27;340.43;0.49;260.02;343.01;0.72;280.72;344.31;0.74;253.98;354.65;0.88;286.32;357.24;0.82;242.34;330.08;0.85;306.15;338.27;0.87;245.79;307.66;0.87;295.37;317.57;0.85;261.74;414.58;0.84;279.85;413.72;0.82;253.98;453.39;0.87;289.34;450.37;0.83;272.95;462.01;0.8;308.31;464.6;0.81;145.91;106.21;103.13;141.38;161.31;158.96;162.03;140.26;150.42;228.32;
57;1;446.52;409.61;0.85;449.88;405.63;0.88;445.3;405.33;0.88;456.92;409.0;0.74;443.46;407.77;0.47;461.2;427.05;0.86;438.87;425.82;0.86;461.2;449.99;0.85;436.12;446.32;0.83;443.46;442.65;0.76;433.98;463.45;0.75;452.94;463.75;0.77;440.1;463.75;0.79;453.56;497.71;0.82;442.24;498.93;0.83;460.59;530.44;0.84;447.13;530.13;0.85;67.52;179.47;168.9;174.57;166.29;178.36;12.68;9.5;109.57;108.58;
58;0;270.94;335.53;0.72;261.74;332.7;0.5;274.13;333.41;0.53;262.09;337.3;0.69;279.79;338.36;0.71;254.31;347.21;0.81;286.16;350.75;0.78;236.26;328.45;0.81;306.69;334.11;0.86;239.09;308.99;0.84;298.19;316.77;0.84;259.62;402.77;0.81;277.67;402.42;0.77;252.54;445.24;0.76;288.99;445.24;0.74;265.63;432.85;0.76;299.61;432.5;0.78;127.83;102.92;37.13;54.62;165.08;155.85;141.56;138.35;203.15;87.15;
58;1;449.57;409.25;0.89;452.66;405.85;0.92;448.33;405.54;0.92;459.46;408.94;0.75;446.48;407.7;0.52;463.17;425.95;0.86;440.91;425.33;0.88;461.94;449.13;0.85;438.44;446.66;0.88;446.79;442.02;0.8;436.59;465.21;0.82;457.61;463.98;0.81;443.7;463.67;0.81;457.3;497.37;0.84;445.55;498.29;0.85;463.17;530.14;0.82;449.88;531.07;0.88;67.91;179.1;169.31;175.54;172.2;178.92;5.27;10.76;100.66;93.61;
59;0;271.2;330.67;0.69;266.57;327.58;0.48;272.74;327.58;0.52;263.48;330.98;0.78;279.21;330.98;0.83;253.62;340.54;0.77;286.92;344.24;0.76;231.72;333.14;0.8;307.59;330.36;0.84;228.63;321.42;0.83;300.8;316.17;0.82;259.17;394.82;0.78;277.06;394.82;0.78;250.84;437.38;0.75;290.32;438.31;0.77;264.72;424.74;0.7;300.19;423.5;0.76;123.42;98.33;36.59;50.65;163.09;152.0;114.52;134.93;483.01;79.68;
59;1;451.87;409.13;0.89;455.03;406.29;0.9;450.61;405.97;0.9;461.67;409.45;0.73;449.03;407.87;0.52;463.88;426.83;0.84;443.34;425.88;0.88;463.56;450.21;0.83;440.81;446.74;0.88;449.66;441.68;0.81;439.23;465.7;0.83;459.45;464.43;0.83;446.18;464.12;0.82;459.77;496.98;0.83;448.08;498.25;0.86;464.51;529.85;0.81;452.5;531.43;0.88;59.24;177.85;172.35;175.59;172.73;178.93;5.94;11.17;85.93;79.95;
60;0;271.2;324.24;0.79;273.11;323.28;0.62;270.56;322.64;0.63;265.78;326.15;0.71;278.53;325.51;0.76;252.07;337.95;0.77;285.23;340.18;0.77;227.51;342.1;0.76;308.51;330.62;0.82;221.45;339.54;0.62;299.9;313.4;0.81;260.04;388.65;0.75;278.21;387.69;0.77;258.44;431.7;0.72;288.42;429.15;0.69;264.5;420.54;0.53;303.4;424.05;0.71;147.58;85.78;26.37;85.03;168.94;157.77;89.35;120.74;579.85;86.81;
60;1;454.35;409.49;0.87;457.18;406.35;0.88;452.78;406.35;0.88;463.14;409.49;0.69;450.9;408.23;0.52;464.08;427.07;0.79;445.56;426.12;0.89;464.4;449.67;0.82;443.36;446.53;0.88;451.53;441.82;0.81;441.79;465.36;0.83;460.94;464.74;0.85;448.7;464.74;0.83;461.26;498.01;0.83;450.9;498.64;0.86;464.08;531.29;0.75;454.98;531.91;0.88;57.83;178.62;175.69;176.72;174.7;179.06;5.56;10.79;55.69;76.91;
61;0;270.32;320.63;0.86;270.59;318.48;0.42;270.59;319.56;0.53;262.24;321.17;0.6;275.7;321.98;0.65;248.25;336.24;0.85;282.43;338.66;0.83;229.95;352.66;0.82;308.53;332.47;0.91;231.29;365.85;0.57;294.81;312.29;0.83;261.7;381.46;0.79;279.2;380.65;0.78;248.25;413.75;0.86;288.08;420.48;0.79;257.67;429.36;0.8;309.34;435.28;0.81;126.07;69.12;126.27;137.42;140.81;163.03;64.68;107.74;835.09;154.9;
61;1;456.37;408.95;0.89;459.22;406.09;0.89;455.18;405.85;0.89;463.75;408.95;0.73;452.32;408.23;0.56;464.22;427.75;0.7;446.84;426.56;0.86;463.98;449.17;0.76;445.18;447.51;0.86;452.32;442.27;0.79;443.27;465.12;0.8;461.36;465.12;0.79;450.42;465.36;0.76;461.6;497.97;0.78;452.08;498.92;0.84;462.32;533.91;0.61;456.6;532.72;0.82;60.02;178.38;179.28;175.22;175.21;177.58;3.73;9.81;27.18;44.6;
62;0;266.43;316.94;0.83;266.14;314.68;0.57;266.99;315.25;0.6;259.08;318.35;0.68;273.21;318.07;0.72;248.06;334.74;0.77;280.84;331.64;0.75;238.73;351.13;0.69;298.36;323.72;0.66;236.76;369.5;0.65;297.51;314.4;0.59;262.47;376.85;0.73;280.27;375.43;0.73;252.02;407.37;0.74;289.88;413.02;0.73;247.78;437.04;0.78;306.55;448.62;0.78;156.51;109.11;169.22;169.25;142.19;164.92;48.53;115.04;195.45;101.93;
62;1;459.16;409.31;0.89;461.78;406.46;0.87;457.74;406.46;0.89;465.34;409.31;0.61;454.65;408.6;0.54;463.68;427.38;0.61;448.46;426.67;0.89;464.63;447.59;0.69;447.28;447.35;0.88;454.65;442.36;0.83;445.37;465.66;0.83;462.25;465.18;0.81;452.74;465.42;0.78;461.78;498.71;0.76;454.41;498.94;0.85;461.78;532.94;0.68;458.21;532.94;0.85;59.66;177.36;179.19;176.46;178.65;176.54;4.86;9.59;69.24;64.45;
63;0;261.78;314.96;0.66;260.61;313.2;0.51;264.12;313.79;0.53;257.69;315.55;0.66;267.05;316.13;0.65;246.57;336.61;0.67;274.36;333.98;0.63;245.11;362.07;0.53;276.12;353.29;0.38;248.91;364.41;0.4;265.88;357.68;0.33;264.12;374.36;0.65;282.56;372.31;0.68;251.84;408.88;0.67;290.16;410.34;0.67;239.55;440.77;0.75;296.02;454.82;0.76;118.32;108.0;178.52;176.19;135.46;179.25;28.23;6.87;391.86;1594.11;
63;1;461.21;409.74;0.89;463.6;406.87;0.88;459.77;406.87;0.89;466.95;409.74;0.49;456.43;409.26;0.48;462.64;427.68;0.56;450.45;426.72;0.91;464.8;446.57;0.66;449.25;447.05;0.91;456.43;443.7;0.83;447.34;465.7;0.86;463.12;464.75;0.85;454.75;465.46;0.83;461.21;499.19;0.74;455.71;499.42;0.87;460.73;533.86;0.69;459.3;533.86;0.88;64.58;177.51;177.61;175.67;176.08;175.27;5.76;9.71;66.27;58.42;
64;0;255.75;315.06;0.64;252.75;312.66;0.42;267.13;312.66;0.51;250.05;314.76;0.66;264.14;313.86;0.78;246.76;336.93;0.76;270.73;326.74;0.75;247.36;361.8;0.62;273.42;309.96;0.53;251.25;365.4;0.45;271.63;297.68;0.41;264.73;375.58;0.68;284.21;371.69;0.73;250.65;413.04;0.72;286.01;414.53;0.77;233.87;443.0;0.77;288.11;459.18;0.8;134.09;162.54;171.36;179.71;134.45;165.7;23.56;154.17;75.59;1792.41;
64;1;461.99;411.26;0.86;464.4;408.13;0.84;460.79;408.13;0.85;467.76;411.74;0.44;457.9;410.3;0.47;462.95;428.82;0.57;452.13;427.13;0.9;464.64;447.82;0.58;451.17;447.82;0.89;458.62;444.45;0.84;448.76;465.85;0.86;463.19;465.85;0.82;456.46;466.33;0.81;459.1;500.49;0.72;457.18;500.49;0.85;461.75;534.16;0.71;460.55;534.4;0.88;55.69;175.07;168.77;175.54;172.9;174.91;4.69;8.96;69.02;42.6;
65;0;253.57;317.36;0.55;242.84;316.69;0.33;270.66;315.02;0.44;246.87;318.03;0.61;262.95;313.68;0.76;247.87;336.13;0.78;267.31;323.39;0.77;248.88;355.57;0.63;265.3;307.64;0.63;250.22;369.98;0.47;260.61;288.21;0.59;266.3;374.67;0.71;286.41;372.99;0.77;250.22;409.86;0.71;282.39;415.55;0.82;231.45;444.71;0.82;281.05;459.12;0.83;177.65;173.7;176.27;176.36;129.87;153.54;22.6;166.21;139.69;432.14;
65;1;463.05;412.5;0.82;465.43;409.16;0.81;462.09;409.16;0.8;385.35;451.11;0.4;461.14;410.83;0.36;461.14;430.37;0.56;453.51;428.23;0.88;464.0;446.82;0.55;452.8;448.25;0.88;460.66;444.67;0.79;450.42;466.12;0.85;463.76;466.6;0.8;458.52;466.6;0.83;459.71;500.68;0.67;459.0;501.16;0.86;462.09;535.0;0.7;461.38;534.76;0.9;47.4;174.45;169.25;176.73;169.08;173.36;5.73;9.48;61.04;49.8;
66;0;247.4;320.66;0.57;250.64;317.96;0.57;246.59;317.15;0.51;251.99;317.96;0.68;259.01;318.77;0.57;256.58;329.84;0.62;265.77;328.49;0.62;248.21;336.32;0.49;254.96;344.43;0.41;228.22;332.54;0.48;237.14;337.94;0.41;272.25;375.22;0.58;287.64;376.57;0.58;248.75;406.81;0.63;276.84;416.81;0.67;232.0;443.55;0.7;274.14;454.35;0.72;131.54;104.15;167.87;169.09;124.32;140.5;71.3;58.6;1291.12;1635.46;
66;1;464.48;413.84;0.8;466.33;409.11;0.59;463.25;404.39;0.57;395.69;463.73;0.44;406.78;449.98;0.4;459.96;430.26;0.59;454.83;428.83;0.9;461.81;447.51;0.42;453.59;448.33;0.86;462.83;445.87;0.75;451.54;465.99;0.83;463.66;466.4;0.74;459.75;467.43;0.84;461.19;499.26;0.7;459.34;500.08;0.85;463.04;536.22;0.73;461.6;535.4;0.87;38.12;176.98;172.85;175.62;169.87;172.0;0.28;10.89;73.69;33.69;
67;0;246.15;328.95;0.68;245.14;327.69;0.64;244.14;327.69;0.56;248.16;325.93;0.73;257.97;328.2;0.59;255.2;333.98;0.64;265.77;333.73;0.63;238.85;346.81;0.49;262.5;353.6;0.47;215.21;358.64;0.44;253.44;359.39;0.32;271.05;374.99;0.57;287.4;377.75;0.57;248.16;405.67;0.65;271.55;414.23;0.71;232.56;444.41;0.72;266.27;452.71;0.75;168.45;131.92;165.21;164.33;122.15;130.35;73.01;35.52;867.13;801.16;
67;1;464.33;418.84;0.63;464.93;407.75;0.38;462.31;407.75;0.4;397.22;452.49;0.43;408.3;466.2;0.37;460.5;431.33;0.62;455.87;429.72;0.89;460.5;450.07;0.46;454.86;449.27;0.84;463.52;447.45;0.74;452.64;466.0;0.8;463.32;466.6;0.71;460.3;467.41;0.81;460.9;498.44;0.71;459.9;499.45;0.83;462.92;536.33;0.72;462.52;536.13;0.86;49.09;175.4;172.61;175.19;171.08;172.57;4.57;9.66;51.39;32.71;
68;0;242.51;336.95;0.72;242.75;336.24;0.5;240.36;335.28;0.46;243.7;333.13;0.7;251.82;334.57;0.56;248.96;339.58;0.74;264.0;337.91;0.72;248.0;362.98;0.71;267.82;357.73;0.63;239.88;383.04;0.71;257.79;377.31;0.51;270.21;376.83;0.56;286.21;379.94;0.58;247.29;409.07;0.69;266.15;415.28;0.69;233.44;447.28;0.76;258.99;452.29;0.75;160.3;141.97;164.51;161.38;114.88;122.57;32.04;16.94;1032.12;548.42;
68;1;464.45;421.03;0.57;462.05;408.22;0.35;462.05;420.43;0.37;398.16;452.48;0.37;398.16;466.5;0.29;461.25;430.85;0.64;457.44;429.85;0.87;461.45;450.48;0.55;455.84;449.08;0.78;463.45;447.87;0.71;453.44;465.9;0.76;463.45;467.3;0.64;460.45;468.1;0.76;460.85;499.35;0.76;460.25;499.75;0.83;463.05;536.81;0.8;462.45;536.81;0.86;38.15;176.63;171.99;176.23;171.9;175.15;2.87;9.25;12.67;23.86;
69;0;239.18;343.85;0.59;239.18;343.85;0.36;238.73;339.99;0.37;241.67;337.73;0.51;250.97;339.54;0.37;245.98;342.49;0.76;261.85;342.49;0.69;248.02;366.97;0.73;266.83;361.75;0.61;241.22;393.04;0.7;259.35;385.78;0.5;269.1;380.57;0.54;283.84;383.29;0.56;247.57;411.85;0.68;264.79;420.01;0.67;235.55;450.84;0.74;253.91;455.15;0.74;160.62;148.2;162.58;169.8;114.19;124.27;26.5;13.81;299.85;256.16;
69;1;464.49;422.84;0.56;462.3;409.11;0.39;462.1;422.65;0.39;399.02;467.02;0.37;409.77;467.22;0.31;461.31;430.8;0.69;459.12;430.41;0.86;460.91;451.7;0.61;457.33;449.71;0.74;463.1;449.31;0.65;454.94;466.03;0.73;463.3;468.22;0.59;460.91;469.21;0.66;461.51;499.26;0.77;460.71;499.26;0.8;463.69;536.67;0.8;463.1;537.27;0.82;41.42;176.98;173.35;176.03;173.65;176.98;4.14;7.94;44.0;44.81;
70;0;239.75;349.03;0.64;238.64;347.03;0.42;239.53;346.36;0.44;241.3;343.7;0.6;246.41;345.92;0.43;245.3;348.81;0.76;261.95;350.14;0.68;249.07;367.9;0.67;264.61;367.01;0.61;249.07;390.32;0.62;259.06;383.88;0.52;267.49;386.77;0.59;283.48;387.65;0.57;247.96;419.17;0.67;263.72;424.5;0.67;237.53;457.8;0.74;252.62;459.8;0.75;168.82;152.82;164.04;169.26;118.6;121.95;19.14;20.88;247.08;57.27;
70;1;464.47;426.89;0.53;462.9;412.33;0.43;462.11;426.3;0.41;400.13;455.81;0.26;464.87;469.79;0.25;461.32;431.61;0.67;460.34;431.22;0.8;461.72;450.9;0.65;459.55;449.12;0.7;461.72;451.29;0.56;455.81;466.83;0.68;463.29;468.01;0.58;461.13;468.41;0.61;462.31;498.91;0.71;461.32;499.7;0.72;464.47;537.87;0.77;464.08;538.26;0.79;178.83;170.6;175.0;176.27;175.08;179.15;1.92;3.73;71.73;35.42;
71;0;238.76;356.78;0.66;238.3;355.63;0.43;238.76;352.89;0.49;240.82;350.37;0.54;247.0;352.2;0.45;244.02;355.63;0.75;260.95;357.01;0.65;250.66;367.76;0.66;264.16;369.13;0.6;252.72;382.63;0.67;257.06;381.03;0.52;266.67;392.47;0.59;282.69;392.92;0.56;248.37;426.1;0.67;262.78;430.67;0.67;239.45;465.22;0.74;252.03;466.36;0.75;159.2;134.4;164.29;168.97;119.86;121.02;2.9;16.38;253.03;103.52;
72;0;240.69;368.16;0.52;240.69;365.55;0.42;240.45;362.95;0.34;244.95;362.0;0.62;252.52;357.98;0.46;246.84;363.42;0.53;266.72;366.26;0.54;257.02;384.25;0.38;276.43;384.25;0.45;256.78;392.29;0.35;260.57;391.82;0.29;266.01;402.23;0.55;283.53;403.18;0.54;247.08;434.89;0.63;261.04;438.44;0.64;239.74;473.71;0.68;252.29;473.94;0.71;152.27;87.18;160.6;161.34;123.61;123.01;0.24;3.87;311.86;337.51;
73;0;241.25;374.16;0.64;241.49;370.1;0.6;240.06;370.1;0.54;244.36;366.51;0.75;254.65;366.51;0.55;245.8;374.64;0.54;267.33;374.16;0.58;257.52;367.47;0.41;281.69;391.15;0.56;256.57;401.44;0.37;291.02;406.22;0.57;263.5;410.29;0.55;277.86;412.44;0.52;245.08;447.61;0.61;260.39;448.33;0.61;239.82;485.17;0.7;251.78;485.17;0.72;56.91;171.56;161.71;167.21;127.32;138.67;95.07;24.82;271.96;1001.55;
74;0;236.37;381.07;0.66;235.86;379.06;0.5;239.13;376.8;0.43;238.63;376.55;0.7;249.44;373.53;0.59;243.41;382.33;0.67;264.78;380.57;0.69;250.95;377.3;0.57;279.87;398.17;0.69;259.75;367.74;0.49;297.48;413.76;0.73;262.77;421.06;0.61;277.86;421.31;0.6;244.41;457.27;0.73;259.0;457.52;0.69;240.39;497.0;0.77;252.46;494.49;0.79;166.34;172.13;158.9;162.52;126.55;134.69;97.13;22.81;1006.45;295.33;
75;0;234.13;387.66;0.59;234.13;384.5;0.44;250.46;381.07;0.36;236.76;381.6;0.69;252.3;380.28;0.54;241.24;389.24;0.72;263.62;390.03;0.71;248.35;384.76;0.6;280.22;407.41;0.7;256.25;376.07;0.5;299.97;417.94;0.76;261.25;432.17;0.66;275.48;432.17;0.66;243.87;470.09;0.76;258.62;467.46;0.74;240.71;509.86;0.8;253.88;506.7;0.82;164.47;161.74;159.92;161.36;130.38;138.76;97.2;27.96;268.58;144.75;
76;0;234.91;393.72;0.66;234.91;389.58;0.54;243.73;389.31;0.44;236.29;390.69;0.78;251.99;387.93;0.63;239.32;399.78;0.71;263.56;399.78;0.72;251.72;393.44;0.63;280.64;413.82;0.68;265.76;383.25;0.63;302.12;424.29;0.76;257.78;444.67;0.63;273.48;444.4;0.64;242.9;482.41;0.71;257.78;480.76;0.72;240.7;520.15;0.79;256.12;519.05;0.83;171.11;166.53;161.83;159.12;136.14;144.12;94.73;38.03;354.45;199.27;
77;0;235.1;406.79;0.73;232.7;402.67;0.59;245.72;402.67;0.47;235.78;402.67;0.72;250.51;399.59;0.54;239.89;411.58;0.78;263.53;410.56;0.78;252.57;407.13;0.65;280.66;424.26;0.75;265.93;400.28;0.67;303.28;433.85;0.77;254.63;458.18;0.76;269.7;457.84;0.76;241.95;495.19;0.77;257.02;492.79;0.8;240.23;534.93;0.81;258.39;532.53;0.85;172.21;164.33;163.56;158.09;143.54;152.63;91.81;43.91;506.4;286.47;
78;0;238.9;412.57;0.6;237.02;411.23;0.44;250.7;410.96;0.49;235.95;413.91;0.77;249.09;411.77;0.7;239.44;427.59;0.77;261.43;423.3;0.76;247.22;424.11;0.54;281.55;435.91;0.68;253.38;421.96;0.41;302.2;446.1;0.74;254.19;472.65;0.7;268.94;472.12;0.72;239.17;509.13;0.78;256.87;505.91;0.8;244.0;548.29;0.8;263.04;545.34;0.82;175.03;174.19;150.59;151.45;139.49;151.6;96.02;49.18;744.99;365.56;
79;0;238.79;422.3;0.65;239.04;419.5;0.48;250.97;419.5;0.55;237.52;423.31;0.52;249.71;423.06;0.53;236.76;439.81;0.83;260.11;437.02;0.79;243.87;454.79;0.55;281.44;449.72;0.73;252.24;476.37;0.5;302.51;459.62;0.8;255.04;484.75;0.71;268.75;484.24;0.73;236.0;515.47;0.81;255.8;514.96;0.81;247.42;553.04;0.83;266.46;551.52;0.83;175.83;174.41;131.3;140.88;126.07;146.79;3.25;48.88;1618.46;402.07;
80;0;241.92;428.0;0.72;241.42;426.28;0.53;248.06;425.79;0.63;237.24;429.23;0.7;250.03;429.23;0.73;235.52;447.67;0.87;258.63;444.72;0.81;246.83;468.81;0.57;278.06;461.19;0.76;256.18;483.32;0.46;298.71;473.24;0.84;255.19;490.45;0.69;268.71;490.7;0.71;231.1;515.53;0.82;251.26;516.51;0.76;246.34;552.41;0.8;266.01;551.18;0.84;175.36;169.96;113.69;122.88;111.45;133.57;3.45;37.33;237.4;420.6;
81;0;238.06;432.3;0.81;239.02;430.14;0.7;241.89;430.14;0.68;238.54;433.5;0.69;250.27;433.02;0.67;237.1;451.22;0.88;260.09;448.58;0.82;241.65;474.92;0.78;273.74;467.74;0.8;242.37;499.82;0.76;290.02;486.42;0.83;255.06;493.6;0.67;265.6;493.12;0.71;229.2;517.3;0.82;252.67;520.9;0.74;246.44;551.07;0.84;265.36;550.35;0.85;170.79;174.39;105.46;131.73;109.55;147.99;12.1;28.42;639.83;469.31;
82;0;240.92;433.87;0.8;239.73;432.21;0.69;245.67;431.5;0.61;239.02;435.06;0.52;251.61;434.82;0.49;237.36;453.82;0.85;260.63;450.5;0.8;237.36;480.9;0.79;270.61;471.16;0.8;230.94;506.55;0.79;276.54;492.54;0.78;253.74;494.44;0.67;265.14;494.44;0.7;228.33;519.37;0.84;252.79;523.41;0.7;247.09;551.67;0.84;265.86;550.72;0.84;165.96;169.75;104.31;131.35;112.48;151.05;21.97;19.91;394.3;440.22;
83;0;241.27;434.07;0.8;240.08;432.16;0.65;244.13;431.92;0.61;240.79;435.02;0.56;250.81;434.54;0.53;236.74;455.52;0.85;261.53;450.28;0.85;235.07;481.5;0.8;267.26;472.92;0.78;224.11;500.81;0.8;259.15;487.94;0.59;253.19;496.05;0.73;264.16;496.05;0.77;227.92;520.12;0.84;253.19;522.74;0.72;248.42;552.78;0.84;267.02;551.83;0.85;154.08;137.47;101.5;132.24;111.52;154.39;25.77;10.9;265.38;535.02;
84;0;244.38;433.22;0.72;242.22;432.26;0.58;245.35;431.54;0.61;242.94;434.43;0.44;251.11;433.7;0.52;236.46;455.07;0.85;261.67;449.31;0.85;231.9;478.12;0.79;266.23;470.44;0.75;225.18;485.8;0.7;250.63;477.16;0.57;252.55;496.13;0.73;264.55;495.41;0.77;228.3;521.33;0.86;251.59;522.29;0.77;249.43;553.26;0.84;267.91;552.78;0.85;150.01;101.12;102.62;126.09;114.72;150.68;32.59;8.61;447.54;408.71;
85;0;244.8;433.41;0.62;242.38;432.19;0.54;247.47;430.98;0.54;241.89;433.65;0.58;252.56;433.16;0.56;236.56;452.31;0.79;261.04;447.47;0.81;228.07;475.58;0.75;264.19;467.1;0.61;232.44;464.43;0.63;246.01;463.95;0.56;250.37;494.01;0.71;263.71;492.8;0.7;228.56;522.13;0.81;251.1;522.37;0.73;250.37;554.37;0.78;268.56;553.88;0.79;1.34;71.05;108.11;127.94;123.86;153.55;38.37;5.75;671.09;416.12;
86;0;245.87;432.21;0.55;242.93;431.48;0.47;250.03;430.25;0.49;242.69;432.95;0.66;253.95;432.21;0.63;235.59;450.34;0.78;261.79;446.91;0.79;226.77;469.93;0.77;258.36;462.09;0.57;231.91;455.48;0.67;245.63;455.23;0.53;250.03;492.46;0.7;263.02;491.48;0.7;228.97;521.61;0.81;252.73;522.59;0.72;250.03;553.44;0.77;269.14;552.71;0.79;4.64;74.42;110.66;133.12;125.21;160.13;43.16;14.3;266.74;259.4;
87;0;243.68;431.99;0.59;242.19;429.99;0.53;249.67;429.49;0.47;243.68;430.99;0.7;255.4;430.49;0.66;235.71;447.69;0.8;262.13;445.7;0.8;225.99;464.89;0.82;253.9;458.16;0.58;231.22;446.69;0.79;242.44;444.95;0.64;249.17;489.82;0.74;261.63;489.07;0.73;229.72;521.23;0.82;254.4;522.47;0.75;250.41;553.38;0.79;269.86;552.88;0.81;13.43;74.38;115.48;140.85;130.52;168.45;47.2;32.77;262.1;320.26;
88;0;243.38;429.37;0.61;242.11;427.59;0.53;249.21;426.32;0.47;243.88;428.61;0.61;255.81;428.36;0.55;236.52;445.11;0.78;262.41;442.57;0.79;225.36;458.3;0.76;255.81;455.0;0.58;232.72;441.3;0.76;245.91;441.55;0.57;247.95;487.75;0.74;261.4;486.98;0.72;231.19;520.74;0.8;256.07;522.26;0.74;251.5;553.48;0.79;270.53;552.97;0.82;16.83;64.3;121.28;146.18;138.09;172.72;55.23;26.64;166.45;144.51;
89;0;245.02;426.45;0.6;243.48;425.42;0.52;249.93;424.39;0.46;244.51;426.2;0.66;256.64;425.94;0.6;236.25;442.45;0.79;263.34;440.39;0.81;224.9;453.55;0.76;256.89;451.74;0.59;233.41;437.29;0.77;247.35;437.03;0.55;246.83;485.03;0.75;261.02;484.51;0.75;231.86;519.61;0.79;256.89;521.15;0.76;251.47;552.89;0.8;270.83;552.38;0.83;18.01;62.59;126.09;149.52;142.64;176.58;59.61;26.59;120.97;140.98;
90;0;246.32;423.35;0.64;244.47;422.82;0.54;249.75;421.5;0.49;244.73;423.88;0.65;256.88;423.61;0.59;236.54;439.99;0.78;264.02;437.88;0.81;224.65;448.98;0.77;259.26;448.45;0.59;234.43;433.65;0.78;250.01;434.18;0.55;246.05;483.59;0.76;260.32;483.32;0.75;232.31;517.94;0.78;257.94;520.05;0.77;250.28;551.49;0.8;270.89;551.75;0.84;20.39;57.18;130.03;154.08;145.89;179.05;65.23;19.57;112.31;116.13;
91;0;247.73;421.04;0.65;245.07;421.04;0.54;250.66;419.98;0.5;244.81;422.11;0.68;257.3;421.58;0.63;236.3;438.06;0.8;265.01;436.2;0.83;225.4;448.43;0.79;261.82;447.1;0.6;235.24;431.41;0.78;254.11;432.74;0.54;244.81;480.6;0.77;259.96;480.6;0.77;232.31;516.23;0.79;258.9;518.89;0.78;247.73;550.26;0.8;270.6;550.8;0.84;16.4;44.55;136.3;158.27;149.36;175.1;57.74;9.82;70.83;129.2;
92;0;248.82;418.65;0.66;245.85;419.46;0.55;251.79;417.84;0.48;245.85;420.27;0.69;258.8;419.73;0.66;236.95;436.46;0.8;266.08;434.84;0.84;225.07;445.9;0.8;264.74;446.71;0.63;235.87;429.71;0.79;258.26;432.68;0.57;244.5;479.36;0.78;259.61;479.36;0.78;232.09;514.43;0.79;259.07;517.4;0.79;245.85;548.7;0.79;269.86;549.78;0.85;17.81;31.26;138.63;160.75;150.53;172.54;61.49;1.79;53.97;123.33;
93;0;249.45;418.5;0.62;245.91;419.32;0.55;253.27;418.23;0.45;246.73;419.86;0.72;259.81;419.05;0.71;236.37;435.4;0.82;266.62;434.03;0.87;225.2;444.94;0.83;267.98;447.66;0.68;236.37;428.86;0.79;260.35;431.31;0.6;243.45;478.73;0.81;258.99;479.0;0.81;233.37;515.52;0.81;258.99;516.89;0.81;243.45;549.59;0.82;269.62;549.59;0.87;14.72;19.31;148.18;162.0;155.39;170.37;58.8;15.34;29.5;74.36;
94;0;250.19;419.54;0.62;246.37;419.54;0.56;254.01;419.26;0.47;247.18;420.08;0.74;260.83;419.54;0.72;236.54;435.37;0.83;267.11;434.28;0.88;225.35;444.65;0.83;268.75;447.38;0.66;236.81;428.54;0.8;261.1;427.18;0.61;242.54;479.31;0.82;258.37;479.86;0.82;234.36;518.07;0.81;259.19;517.8;0.82;240.91;551.91;0.86;269.02;549.73;0.87;14.89;13.6;157.12;164.13;160.29;167.92;58.11;17.97;16.14;124.83;
94;1;13.26;365.34;0.88;13.73;356.05;0.83;11.4;355.59;0.9;6.29;357.45;0.35;4.44;356.05;0.63;-5.32;397.86;0.63;-6.25;399.25;0.65;-4.39;490.76;0.42;-0.67;481.47;0.24;1.18;530.71;0.51;2.58;547.44;0.41;-3.93;519.56;0.53;0.25;522.35;0.53;3.04;589.24;0.76;3.51;589.71;0.77;2.11;645.92;0.27;1.65;645.92;0.29;172.63;178.94;173.35;175.34;174.95;179.74;0.08;0.85;13897.34;13689.65;peak_hand_velocity
95;0;251.46;419.77;0.65;247.91;419.5;0.57;255.01;419.5;0.49;247.64;420.59;0.78;261.02;420.04;0.75;236.45;435.88;0.84;267.84;435.33;0.87;225.26;444.88;0.83;271.12;447.34;0.66;237.82;428.23;0.8;262.38;424.69;0.61;242.18;479.55;0.82;258.01;479.82;0.82;235.36;520.22;0.83;259.65;518.31;0.82;237.82;554.61;0.89;268.66;549.97;0.87;14.15;5.83;166.39;166.56;163.0;165.11;58.65;27.71;31.22;83.34;
95;1;20.75;364.41;0.93;21.23;357.17;0.82;18.33;356.2;0.94;4.32;357.17;0.39;9.15;356.2;0.75;-2.45;397.27;0.72;-2.93;401.14;0.83;-0.51;472.66;0.52;0.45;463.96;0.57;4.32;499.72;0.38;-0.03;484.26;0.44;-2.45;504.07;0.64;-0.51;506.97;0.69;11.09;586.22;0.86;10.12;587.67;0.88;-3.41;656.78;0.37;-3.41;656.78;0.42;171.34;175.55;159.04;161.42;170.65;173.8;1.47;1.77;926.32;1880.37;
96;0;251.87;421.45;0.68;248.34;420.64;0.6;254.6;420.36;0.51;248.06;421.72;0.81;260.85;421.18;0.76;236.36;437.24;0.83;268.2;436.69;0.86;224.93;447.31;0.82;273.65;447.85;0.71;237.72;430.71;0.78;263.85;428.8;0.59;242.08;480.78;0.82;257.32;480.78;0.81;236.09;521.06;0.84;259.77;519.43;0.81;236.63;556.17;0.89;268.2;551.27;0.85;11.01;1.21;170.66;168.79;164.07;162.5;56.1;39.87;73.56;129.92;
96;1;28.89;363.77;0.99;28.89;356.25;1.0;25.66;356.25;1.01;12.76;356.79;0.5;12.76;357.32;0.76;1.47;392.81;0.86;-0.14;396.03;0.89;3.08;463.24;0.5;2.55;448.72;0.5;7.92;493.35;0.36;1.47;486.89;0.54;2.01;498.18;0.8;1.47;498.72;0.81;16.52;587.43;0.9;14.37;588.51;0.88;-1.76;658.4;0.55;-1.22;661.63;0.61;172.18;175.47;156.32;159.78;171.05;172.72;1.02;2.02;217.79;90.18;
97;0;251.91;424.78;0.59;246.76;423.15;0.51;254.89;422.88;0.45;247.84;423.69;0.81;261.94;423.69;0.76;235.65;438.6;0.85;267.63;439.14;0.84;224.54;450.25;0.8;274.94;449.17;0.74;237.0;435.89;0.66;265.73;431.55;0.63;241.34;482.5;0.82;256.79;482.5;0.82;236.46;522.61;0.84;259.77;521.26;0.82;238.09;557.3;0.89;267.36;552.42;0.85;2.68;8.51;170.38;170.71;165.68;161.57;51.02;50.16;155.56;99.09;
97;1;34.18;364.81;1.08;33.52;356.27;1.01;30.23;356.27;1.03;18.39;358.9;0.48;17.74;357.58;0.72;9.19;397.69;0.99;6.56;398.35;1.01;8.53;472.65;0.82;7.22;457.53;0.6;16.42;517.37;0.85;10.5;515.39;0.65;8.53;515.39;0.86;7.22;516.71;0.81;13.13;603.51;0.88;11.82;604.82;0.96;8.53;694.25;0.91;8.53;700.83;1.02;169.49;177.38;174.11;175.05;176.69;177.33;0.18;0.32;757.74;889.09;
97;2;458.81;437.71;0.75;458.81;433.93;0.77;457.39;433.93;0.67;462.59;432.75;0.52;461.64;433.22;0.26;464.95;445.51;0.64;464.24;444.09;0.61;462.83;468.42;0.3;462.83;468.42;0.36;462.59;440.54;0.18;460.94;476.22;0.31;465.66;485.19;0.49;466.61;484.48;0.52;462.35;513.54;0.77;461.88;514.01;0.76;460.94;550.87;0.85;459.99;550.16;0.85;5.79;169.71;175.52;173.9;172.32;167.56;6.32;6.68;;;
98;0;252.44;426.29;0.57;246.78;424.67;0.5;254.06;424.4;0.45;247.32;424.67;0.82;261.88;425.21;0.8;234.64;440.85;0.85;267.0;441.93;0.82;224.4;454.6;0.79;276.17;451.1;0.8;237.88;441.39;0.63;265.92;433.84;0.72;241.12;484.26;0.83;256.48;484.26;0.83;237.34;524.97;0.85;259.72;523.09;0.82;240.04;559.22;0.87;266.73;554.09;0.85;8.89;14.3;170.2;172.02;166.22;161.29;45.17;58.95;165.71;68.33;
98;1;41.48;363.03;1.08;40.82;355.14;1.02;36.22;354.48;1.05;26.36;359.08;0.47;21.75;357.77;0.67;13.86;399.85;0.99;8.6;399.19;0.96;13.86;468.89;0.9;7.95;453.11;0.65;23.07;513.6;0.96;14.52;512.29;0.65;14.52;518.2;0.9;9.92;518.86;0.83;15.18;605.65;0.81;15.84;606.97;0.9;22.41;691.79;0.86;25.7;697.71;1.04;168.37;172.96;175.63;177.64;179.89;176.79;0.32;1.33;227.18;151.04;
98;2;456.83;438.0;0.69;457.31;434.39;0.71;455.14;435.36;0.59;461.16;432.71;0.41;459.72;435.12;0.17;463.57;439.69;0.53;462.6;439.69;0.52;455.62;430.06;0.59;456.59;430.06;0.51;459.23;424.29;0.41;435.89;433.91;0.32;465.01;480.12;0.53;466.21;480.36;0.57;461.64;513.8;0.79;461.16;514.04;0.78;460.68;552.07;0.87;459.47;551.1;0.86;108.47;111.47;175.73;174.07;172.24;166.4;142.52;153.07;493.65;1461.91;
99;0;253.56;425.93;0.59;246.87;425.4;0.46;253.56;425.13;0.44;246.87;425.93;0.83;262.12;427.0;0.84;234.29;443.06;0.85;268.01;444.4;0.82;223.05;460.45;0.81;277.11;455.1;0.83;234.03;453.23;0.61;266.67;435.57;0.73;240.98;485.61;0.83;256.77;485.87;0.84;237.77;526.55;0.84;259.71;524.14;0.83;240.72;561.33;0.86;265.87;556.52;0.85;23.76;12.25;170.68;173.64;166.58;160.44;41.8;55.53;370.25;56.01;
99;1;47.39;363.65;1.05;47.39;355.86;1.06;42.2;355.21;1.08;35.71;361.05;0.51;25.97;358.46;0.73;18.84;400.65;0.97;11.05;399.35;0.94;18.19;467.5;0.87;4.56;451.92;0.68;29.87;510.98;0.93;2.61;520.07;0.77;20.13;513.58;0.86;12.99;514.88;0.82;20.13;603.8;0.85;21.43;605.74;0.89;36.36;694.66;0.84;38.96;696.61;1.0;164.41;174.6;169.88;174.39;179.34;175.66;1.21;8.0;216.71;423.13;
99;2;455.31;439.57;0.81;456.02;435.99;0.78;454.59;436.47;0.66;460.79;434.09;0.51;462.45;436.23;0.27;463.64;448.86;0.75;463.17;448.14;0.73;462.93;471.25;0.4;463.41;469.34;0.47;465.07;497.21;0.3;461.26;483.39;0.43;463.64;483.87;0.62;465.31;484.11;0.66;461.26;516.03;0.86;460.55;516.27;0.85;460.79;551.99;0.91;459.59;550.8;0.9;173.45;170.68;176.52;173.15;175.76;168.16;1.83;2.77;2175.48;1653.59;peak_hand_velocity
100;0;254.53;426.13;0.6;247.61;425.33;0.43;254.53;425.07;0.46;247.35;426.66;0.76;261.97;427.46;0.76;233.79;443.95;0.85;267.29;445.27;0.84;223.95;460.96;0.8;277.66;459.9;0.84;234.32;452.45;0.62;266.76;440.49;0.72;241.5;486.22;0.83;257.18;486.22;0.84;238.31;527.17;0.85;260.11;525.58;0.83;241.5;561.21;0.87;264.63;558.28;0.86;20.6;6.02;170.19;176.38;165.21;161.89;40.37;49.2;24.61;146.35;
100;1;53.85;364.35;1.06;54.5;356.54;1.11;49.29;356.54;1.11;39.52;361.75;0.52;30.41;359.14;0.78;23.89;401.47;0.97;14.78;399.52;0.93;23.24;466.6;0.88;2.4;456.18;0.82;37.57;514.14;0.92;3.05;525.21;0.92;23.24;514.79;0.84;15.43;515.44;0.82;23.24;605.96;0.75;27.15;607.27;0.9;44.08;695.19;0.61;47.99;697.14;1.0;162.66;167.14;166.85;174.22;179.67;173.05;0.24;12.64;247.44;153.4;
100;2;451.92;438.51;0.86;452.87;435.18;0.82;451.45;434.94;0.68;460.0;434.23;0.58;464.28;434.71;0.34;463.57;450.16;0.83;462.62;448.26;0.82;464.76;474.4;0.56;464.28;472.26;0.59;464.28;497.94;0.52;460.48;484.86;0.53;463.81;486.05;0.69;464.76;485.58;0.72;461.19;516.01;0.89;460.48;516.48;0.89;460.96;552.38;0.93;460.0;551.19;0.94;176.04;159.24;175.39;172.9;174.63;168.84;2.43;0.68;31.94;49.49;
101;0;254.56;424.92;0.65;249.51;423.86;0.47;255.36;423.86;0.5;247.11;426.52;0.74;261.74;427.05;0.73;234.61;444.07;0.84;267.59;447.26;0.82;224.24;462.15;0.79;278.23;464.28;0.83;233.55;454.44;0.62;276.37;452.31;0.71;242.33;486.35;0.83;258.28;486.62;0.83;238.87;527.57;0.84;260.41;525.98;0.83;242.06;561.35;0.87;263.33;558.69;0.86;20.52;23.16;169.81;177.98;164.87;163.6;40.17;45.31;63.34;453.11;
101;1;59.98;365.39;1.03;61.29;358.21;1.1;55.42;357.56;1.11;57.37;362.78;0.56;35.84;360.17;0.79;29.97;404.53;0.91;18.23;401.27;0.86;28.01;467.16;0.86;1.92;460.64;0.83;46.93;513.49;0.89;8.44;525.23;0.9;30.62;515.44;0.79;18.88;516.09;0.76;34.54;604.17;0.74;33.89;606.78;0.74;50.85;696.16;0.84;52.15;696.16;0.9;155.99;158.87;172.47;177.84;177.81;170.93;2.13;15.69;279.17;160.27;
101;2;452.0;438.28;0.88;453.18;434.98;0.83;451.53;434.74;0.68;459.78;434.03;0.6;464.03;434.5;0.36;463.79;451.25;0.85;462.61;448.18;0.82;464.97;473.42;0.62;464.27;470.59;0.56;464.97;491.59;0.52;460.96;484.75;0.46;464.03;485.93;0.78;464.03;485.45;0.77;461.44;516.83;0.91;460.96;517.3;0.9;461.2;552.92;0.93;460.49;551.27;0.95;176.96;162.65;175.57;175.3;174.81;172.32;2.66;2.04;189.97;14.8;
